question;answer;date;category
Är eldirektverkande elradiatorer energieffektiva?;Elradiatorer är generellt sett mindre energieffektiva jämfört med andra uppvärmningsmetoder, som värmepumpar eller fjärrvärme. De kan bli dyra att driva om de används som huvudsaklig uppvärmningskälla.;2024-02-20;Uppvärmning
Finns det några tips för att optimera användningen av eldirektverkande elradiatorer?;ställ in termostaten på en bekväm men inte för hög temperatur, se till att rummet är välisolerat och använda timerfunktionen för att undvika onödig uppvärmning när du inte är hemma.;2024-02-20;Uppvärmning
Vilka är fördelarna med eldirektverkande elradiatorer?;Eldirektverkande elradiatorer är enkla att installera och kräver ingen rördragning eller värmepumpsinstallation. De ger omedelbar värme och ger möjlighet att individuellt reglera temperaturen i olika rum.;2024-02-20;Uppvärmning
Finns det några nackdelar med att använda eldirektverkande elradiatorer?;Nackdelar är höga driftskostnader jämfört med andra uppvärmningsalternativ, särskilt om elpriserna är höga. Dessutom kan de vara mindre miljövänliga jämfört med mer energieffektiva alternativ som utnyttjar förnybara energikällor.;2024-02-20;Uppvärmning
Kan eldirektverkande elradiatorer användas som huvudsaklig uppvärmningskälla i en bostad?;Eldirektverkande elradiatorer kan användas som huvudsaklig uppvärmningskälla, men det kan bli kostsamt över tiden på grund av de höga elkostnaderna. Många väljer att kombinera dem med andra uppvärmningsmetoder för att optimera energieffektiviteten, t.ex. luft luft värmepump;2024-02-20;Uppvärmning
Hur påverkar eldirektverkande elradiatorer inomhusluftens kvalitet?;Eldirektverkande elradiatorer påverkar inte inomhusluftens kvalitet eftersom de inte producerar förbränningsprodukter eller avgaser. De är en ren och luktfri uppvärmningskälla.;2024-02-20;Uppvärmning
Finns det olika typer av eldirektverkande elradiatorer?;Ja, det finns olika typer, inklusive konvektionsradiatorer och infraröda paneler. Konvektionsradiatorer värmer upp luften i rummet, medan infraröda paneler avger värme som liknar solens strålar och värmer föremål direkt.;2024-02-20;Uppvärmning
Hur kan jag minska mina elkostnader när jag använder eldirektverkande elradiatorer?;För att minska elkostnaderna kan du använda termostater för att reglera temperaturen, se till att rummet är välisolerat, undvika onödig uppvärmning genom att stänga av radiatorerna när de inte behövs och överväga att kombinera dem med andra uppvärmningsmetoder.;2024-02-20;Uppvärmning
Vad är livslängden för eldirektverkande elradiatorer?;Livslängden varierar beroende på märke och modell, men många eldirektverkande elradiatorer har en livslängd på cirka 10–20 år. Regelbunden underhåll och korrekt användning kan bidra till att förlänga deras livslängd.;2024-02-20;Uppvärmning
Kan felaktig isolering påverka elanvändningen?;Ja, bristfällig isolering kan tvinga uppvärmnings- och kylsystem att arbeta hårdare, vilket kan öka elförbrukningen.;2024-02-20;Uppvärmning
Hur kan jag värma upp min lägenhet kostnadseffektivt?;Använd täta gardiner på natten, se till att dörrar och fönster är ordentligt tätade, och överväg att använda täcken och varma kläder inomhus.;2024-02-20;Uppvärmning
Varför är vissa av mina vattenburna radiatorer kalla?;Det kan bero på luftfickor i radiatorn, otillräckligt vattenflöde, eller problem med termostaten.;2024-02-20;Uppvärmning
Hur kan jag själv försöka lösa problemet med en kall radiator?;Försök lufta radiatoren genom att använda en luftnyckel för att släppa ut eventuell luft som har samlats i systemet.;2024-02-20;Uppvärmning
Varför är luft i radiatorerna ett vanligt problem?;Luft kan tränga in i systemet när det fylls på med vatten eller om det finns läckage, och det kan leda till ojämn uppvärmning.;2024-02-20;Uppvärmning
Vilken typ av verktyg behöver jag för att lufta en radiator?;Du behöver en luftnyckel, vilket är ett verktyg speciellt utformat för att öppna luftventiler på radiatorer.;2024-02-20;Uppvärmning
Vad ska jag göra om luftningen inte löser problemet med den kalla radiatoren?;Kontrollera vattenflödet genom att se efter hinder i rören eller problem med cirkulationspumpen och justera vid behov.;2024-02-20;Uppvärmning
Kan termostaten vara orsaken till en kall radiator?;Ja, termostaten kan vara felaktig eller inställd för låg temperatur. Se till att den är korrekt inställd och fungerar som den ska.;2024-02-20;Uppvärmning
Finns det andra vanliga orsaker till att en radiator inte värmer upp ordentligt?;Orena rör, för mycket avlagringar i systemet eller felaktig inställning av ventiler kan också vara orsaker.;2024-02-20;Uppvärmning
Kan jag använda avluftningsnyckeln när systemet är i drift?;Nej, stäng av värmesystemet innan du luftar radiatorerna för att undvika att mer luft dras in i systemet.;2024-02-20;Uppvärmning
Hur kan jag förebygga luftproblem i framtiden?;Regelbundet lufta radiatorerna, se till att systemet är ordentligt fyllt med vatten och överväg att installera avluftningsventiler.;2024-02-20;Uppvärmning
När bör jag överväga att kalla in en professionell för att lösa problemet med en kall radiator?;Om du har följt alla steg för att lufta och kontrollera vattenflödet utan framgång, bör du kontakta en vvs-installatör för vidare undersökning och reparation.;2024-02-20;Uppvärmning
Vilka fördelar finns med självdragsventilation i jämförelse med mekanisk ventilation?;Självdragsventilation kräver ingen elektrisk ström och har inga mekaniska delar, vilket gör den energieffektiv och kostnadseffektiv. Den är också tyst och kräver minimalt underhåll jämfört med mekaniska ventilationssystem.;2024-02-20;Ventilation
Hur kan man optimera självdragsventilationen i sitt hus?;För att optimera självdragsventilationen bör man säkerställa att det finns tillräckligt med ventilationsspår och öppningar på strategiska platser, hålla dem rena från blockeringar och överväga att placera dem på olika sidor av huset för att maximera luftflödet.;2024-02-20;Ventilation
Finns det några nackdelar med självdragsventilation?;En nackdel är att självdragsventilation kan vara mindre effektiv under vindstilla förhållanden när det inte finns tillräckliga termiska skillnader. Dessutom kan det vara svårt att reglera luftflödet jämfört med mekaniska system.;2024-02-20;Ventilation
Kan självdragsventilation användas i alla typer av klimat?;Självdragsventilation fungerar bäst i områden med varierande temperaturer och naturliga termiska skillnader. I områden med extremt kalla eller varma förhållanden kan det vara mer utmanande att upprätthålla en konstant luftcirkulation genom självdragsventilation.;2024-02-20;Ventilation
Vad är mekanisk frånluftsventilation?;Mekanisk frånluftsventilation är ett ventilationssystem där luften avlägsnas från huset med hjälp av fläktar som skapar ett undertryck. Detta system extraherar förorenad luft från kök, badrum och andra utrymmen och drar in frisk luft genom naturliga läckage eller tilluftventiler.;2024-02-20;Ventilation
Vilka är fördelarna med mekanisk frånluftsventilation?;Mekanisk frånluftsventilation ger möjlighet till mer kontrollerad ventilation jämfört med naturliga system. Det kan hjälpa till att minska fuktproblematik, förbättra inomhusluftkvaliteten och möjliggöra effektiv energianvändning genom värmeåtervinning.;2024-02-20;Ventilation
Vad är viktigt att överväga vid underhåll av mekanisk frånluftsventilation?;Regelbunden rengöring och underhåll av filter i ventilationsanläggningen är avgörande för att säkerställa optimal prestanda och förhindra ackumulering av partiklar. Det är också viktigt att kontrollera att fläktarna fungerar korrekt och att ventilationskanalerna är fria från blockeringar.;2024-02-20;Ventilation
Finns det några nackdelar med mekanisk frånluftsventilation?;En nackdel kan vara att det skapar ett undertryck i huset, vilket potentiellt kan dra in oönskade luftläckage från otäta områden. Dessutom kan installationen vara initialt dyrare än naturliga ventilationssystem, men de långsiktiga energibesparingarna kan uppväga denna kostnad.;2024-02-20;Ventilation
Vad är värmeåtervinning i samband med mekanisk frånluftsventilation?;Värmeåtervinning  utnyttjar värmen från den avlägsnade luften för att direkt generera värme till huset genom en värmepump.Systemet kan vara en uppvärmningskälla eller arbeta tillsammans med det primära uppvärmningssystemet för att effektivisera energianvändningen.;2024-02-20;Ventilation
Hur kan jag förbättra luftkvaliteten i mitt hem med en frånluftsventilation utan värmeåtervinning?;Du kan förbättra luftkvaliteten genom att regelbundet rengöra ventilationsfiltren och se till att ventilationskanalerna är fria från blockeringar. Placera även inte möbler eller andra föremål framför ventilationsöppningar för att säkerställa en effektiv luftcirkulation.;2024-02-20;Ventilation
Hur kan jag reglera temperaturen i olika rum när jag har en frånluftsventilation utan värmeåtervinning?;För att reglera temperaturen i olika rum kan du använda individuella termostater på element eller använda portabla värmeelement för att kompensera för eventuella temperaturskillnader mellan rummen.;2024-02-20;Ventilation
Hur kan jag optimera energianvändningen med en frånluftsventilation utan värmeåtervinning?;För att optimera energianvändningen bör du använda ventilationen medvetet och stänga av den när den inte behövs, som när du lämnar hemmet. Se också till att dörrar och fönster är tätade för att minimera oönskat luftutbyte och därmed energiförluster.;2024-02-20;Ventilation
Kan jag installera en värmeåtervinningsenhet i min befintliga frånluftsventilation?;Ja, det är möjligt att installera en värmeåtervinningsenhet, såsom en värmeväxlare, i frånluftsventilationen för att återvinna värmeenergi från den avlägsnade luften.;2024-02-20;Ventilation
Vad är syftet med att installera en värmeåtervinningsenhet i frånluftsventilationen?;Syftet med att installera en värmeåtervinningsenhet är att minska energiförlusterna genom att överföra värmen från den utgående luften till den inkommande friska luften, vilket kan bidra till att optimera energianvändningen och förbättra uppvärmningseffektiviteten. Eller installera en återvinningsbatteri för att återvinna energi från frånluften och sedan skicka energin till husets primära uppvärmningssystem genom att inkoppla återvinningssystemet till husets primära uppvärmningssystem ;2024-02-20;Ventilation
Kräver installationen av en värmeåtervinningsenhet i frånluftsventilationen professionell hjälp?;Installationen av en värmeåtervinningsenhet bör utföras av professionell personal för att säkerställa korrekt funktion och säkerhet. Det kräver ofta anslutning till elnätet och ventilationssystemet.;2024-02-20;Ventilation
Hur påverkar installationen av en värmeåtervinningsenhet frånluftsventilationens prestanda och energieffektivitet?;Installationen av en värmeåtervinningsenhet förbättrar prestandan och energieffektiviteten hos frånluftsventilationen genom att minska värmeförlusterna och återvinna värmeenergi, vilket kan leda till lägre energikostnader och ökad komfort i bostaden.;2024-02-20;Ventilation
Hur fungerar behovsstyrning baserad på utomhustemperatur i samband med frånluftsventilation?;Behovsstyrning baserad på utomhustemperatur innebär att fläktens hastighet regleras efter aktuella utomhustemperaturerna. Vid lägre temperaturer kan fläkten sänka hastigheten för att minska kallras, medan den kan öka hastigheten vid högre temperaturer för att hjälpa till med avkylning och ventilation.;2024-02-20;Ventilation
Vilka fördelar kan behovsstyrning baserad på utomhustemperatur erbjuda?;Behovsstyrning baserad på utomhustemperatur kan bidra till energibesparing genom att anpassa ventilationen efter de aktuella väderförhållandena. Vid kallt väder kan en lägre fläkthastighet minska värmeförluster, medan en ökad fläkthastighet vid varmare temperaturer kan bidra till att kyla ner bostaden naturligt.;2024-02-20;Ventilation
Vilken typ av sensorer eller styrning används för att implementera behovsstyrning baserad på utomhustemperatur?;För att implementera behovsstyrning baserad på utomhustemperatur används vanligtvis temperatursensorer som mäter den aktuella temperaturen utanför byggnaden. Dessa sensorer skickar signaler till styrenheten för ventilationssystemet, vilket reglerar fläktens hastighet i enlighet med de mätta temperaturerna.;2024-02-20;Ventilation
Hur påverkar åldern på fläktarna från frånluftsventilationen deras prestanda?;Åldern på fläktarna kan påverka deras prestanda genom minskad effektivitet och ökad risk för mekaniska problem. Äldre fläktar har ofta lägre verkningsgrad och kan kräva mer underhåll för att fungera optimalt.;2024-02-20;Ventilation
Finns det möjligheter att uppgradera äldre fläktar i frånluftsventilationen för att förbättra deras prestanda?;Ja, det kan vara möjligt att uppgradera äldre fläktar genom att byta ut slitna komponenter, installera nya motorer eller överväga att ersätta dem med modernare och mer energieffektiva modeller för att förbättra prestanda och energieffektivitet.;2024-02-20;Ventilation
Kan äldre fläktar vara mer ljudliga än nyare modeller?;Ja, äldre fläktar har ibland högre ljudnivåer än moderna, tystare modeller. Detta kan vara ett resultat av slitage på fläkthjulen, lager eller andra komponenter.;2024-02-20;Ventilation
Vilka typer av underhåll kan vara nödvändiga för äldre fläktar i frånluftsventilationen?;För äldre fläktar kan regelbundet underhåll vara nödvändigt, inklusive rengöring av fläkthjul, smörjning av lager, och inspektion av remmar och andra drivkomponenter för att förlänga livslängden och optimera prestanda.;2024-02-20;Ventilation
När kan det vara fördelaktigt att överväga att byta ut äldre fläktar i frånluftsventilationen?;Det kan vara fördelaktigt att överväga att byta ut äldre fläktar om de regelbundet kräver dyra reparationer, har låg effektivitet, eller om det finns modernare modeller tillgängliga som erbjuder förbättrad prestanda och energieffektivitet. En uppgradering kan också vara ekonomiskt fördelaktig på lång sikt genom minskade driftskostnader.;2024-02-20;Ventilation
Vilka är fördelarna med att byta ut remdrivna fläktar mot direktdrivna fläktar?;Att byta ut remdrivna fläktar mot direktdrivna fläktar kan ha flera fördelar såsom minskat underhållsbehov, högre energieffektivitet, och lägre ljudnivåer på grund av färre rörliga delar.;2024-02-20;Ventilation
Hur kan bytet till direktdrivna fläktar bidra till energibesparingar?;Direktdrivna fläktar eliminerar förlusten av energi som kan uppstå genom friktion och slitage i rem- och drivsystemet. De är mer energieffektiva och har högre verkningsgrad, vilket kan leda till lägre energikostnader över tid.;2024-02-20;Ventilation
Vad är från- och tilluftventilation utan värmeåtervinning?;En från- och tilluftventilation utan värmeåtervinning är ett ventilationssystem där frisk luft värms upp till ca. 18-20 grader och skickas till utrymmen. Uppvärmnings av frisk luften kan vara via husets primära värmesystem eller via elkasset. Det går att utrusta denna ventilation med värmeåtervinning så värmen i den utgående luften återvinns.;2024-02-20;Ventilation
Hur påverkar från- och tilluftventilation utan värmeåtervinning inomhusluftkvaliteten?;Ventilationen bidrar till att förnya inomhusluften genom att tillföra frisk luft och avlägsna förorenad luft, vilket kan förbättra inomhusluftkvaliteten. Dock sker ingen återvinning av värmeenergi från den utgående luften.;2024-02-20;Ventilation
Vad är en potentiell nackdel med från- och tilluftventilation utan värmeåtervinning?;En potentiell nackdel är att det kan leda till högre energikostnader eftersom den värmeenergi som finns i den utgående luften inte återvinns. Detta kan påverka uppvärmningsbehovet och därmed öka energiförbrukningen jämfört med värmeåtervinnande ventilationssystem.;2024-02-20;Ventilation
Varför är god ventilation viktig i trapphus?; God ventilation i trapphus är viktig för att säkerställa en hälsosam och säker inomhusmiljö genom att avlägsna förorenad luft, minimera fukt och förhindra dålig lukt.;2024-02-20;Ventilation
Varför kommer det kall luft från min frånluftskanal?;Det kan bero på att ventilationskanalerna är otäta eller att det finns drag genom ventilationsflödet.;2024-02-20;Ventilation
Hur kan jag själv kontrollera om ventilationskanalerna är otäta?;Inspektera kanalerna för synliga sprickor eller luckor och känn efter luftläckage runt anslutningarna.;2024-02-20;Ventilation
Vilka åtgärder kan jag vidta för att täta ventilationskanalerna?;Använd tätningstejp för att täta eventuella sprickor och se till att alla anslutningar är korrekt förseglade.;2024-02-20;Ventilation
Varför är det viktigt att ha en korrekt tätad frånluftskanal?;Otäta ventilationskanaler kan leda till energiförlust och kyla inomhusmiljön, vilket påverkar komforten och ökar uppvärmningskostnaderna.;2024-02-20;Ventilation
Hur påverkar kall luft från ventilationen inomhusluftkvaliteten?;Kall luft från ventilationen kan sänka inomhustemperaturen och göra det mindre bekvämt, men det påverkar inte nödvändigtvis inomhusluftens kvalitet.;2024-02-20;Ventilation
Finns det specifika områden där jag bör fokusera på att tätning av ventilationen?;Kontrollera särskilt anslutningarna vid ventiler och vid övergångar mellan olika ventilationsrör.;2024-02-20;Ventilation
Kan jag använda isoleringsmaterial runt ventilationskanalerna för att förhindra kyla?;Ja, isoleringsmaterial kan användas för att minimera kyla från ventilationskanalerna och förbättra termisk komfort.;2024-02-20;Ventilation
Hur kan jag reglera luftflödet från ventilationen för att undvika kyla?;Justera spjällen på ventilationskanalerna för att kontrollera luftflödet och undvika onödigt kall luftström.;2024-02-20;Ventilation
Finns det professionella tjänster som kan hjälpa mig att optimera min ventilation?;Ja, ventilationsföretag kan genomföra inspektioner och ge råd om optimal ventilation och tätningsåtgärder.;2024-02-20;Ventilation
Vad bör jag göra om jag inte kan åtgärda problemet själv?;Kontakta en professionell ventilationsinstallatör för att genomföra en noggrann inspektion och åtgärda eventuella problem med ventilationssystemet.;2024-02-20;Ventilation
Är kondens på fönstren ett vanligt problem?;Ja, särskilt under kalla väderförhållanden när det finns stor temperaturskillnad mellan inomhus och utomhus.;2024-02-20;Ventilation
Vad kan jag göra för att minimera kondensbildning på fönsterrutorna?;Förbättra ventilationen, håll rummet välventilerat, och använd avfuktare om nödvändigt för att minska fuktnivån.;2024-02-20;Ventilation
Påverkar isoleringskvaliteten på fönstren kondensbildningen?;Ja, dåligt isolerade fönster kan leda till större temperaturskillnader och ökad kondensbildning. Överväg att uppgradera till energieffektiva fönster.;2024-02-20;Ventilation
Hur kan jag förbättra ventilationen för att minska kondens?;Öppna fönster regelbundet, använd köksfläkten och badrumsfläkten, och överväg att installera mekanisk ventilation.;2024-02-20;Ventilation
Vilka typer av ventilationsåtgärder kan användas för att optimera luftcirkulationen i ett trapphus?;För att optimera luftcirkulationen i ett trapphus kan man använda strategiskt placerade tilluft- och frånluftsventiler, mekaniska fläktar eller naturliga ventilationssystem för att säkerställa en jämn och effektiv luftväxling.;2024-02-20;Ventilation i trapphus
Vilka är några vanliga problem eller utmaningar med ventilationen i trapphus och hur kan de hanteras?;Vanliga problem kan vara otillräcklig ventilation, dålig luftcirkulation och förekomst av dålig lukt. Dessa utmaningar kan hanteras genom regelbunden rengöring och underhåll av ventilationssystemet och korrekt dimensionering av ventilationen;2024-02-20;Ventilation i trapphus
I höghus behöver man ofta ha övertryck i trapphuset. ;Ett välfungerande ventilationssystem minimerar risken för att matos och eventuella dåliga lukter från kök sprids genom trapphuset, vilket ökar bekvämligheten för de boende.;2024-02-20;Ventilation i trapphus
Hur kan man uppnå övertryck i trapphus i ett flerfamiljshus eller höghus?;Installera luftintag i trapphusets nedre del och placera fläktar i den övre delen. Fläktarna ska blåsa ut luft, och detta skapar ett övertryck i trapphuset. Detta system fungerar genom att införa mer tilluft än avluft, vilket skapar övertryck.;2024-02-20;Ventilation i trapphus
Var hittar jag information om min huvudsäkrings kapacitet?;Du kan hitta informationen på själva huvudsäkringen eller i elsäkringsskåpet. Det anges oftast i ampere (A).;2024-02-20;Hushållsel och elabbonemang
Hur räknar jag ut den totala effekten i mitt hem?;Gå igenom alla elektriska apparater, titta på deras märkskyltar, och addera upp effekten i watt (W).;2024-02-20;Hushållsel och elabbonemang
Vad händer om jag överskrider huvudsäkringens kapacitet?;Överskridning kan leda till överbelastning, överhettning och brandrisk. Det är viktigt att hålla sig inom säkringens kapacitet.;2024-02-20;Hushållsel och elabbonemang
Vilken kapacitet har vanligtvis en huvudsäkring i en lägenhet?;Det kan variera, men vanliga storlekar är 16A, 20A eller 25A, beroende på elsystemets design.;2024-02-20;Hushållsel och elabbonemang
Varför är det viktigt att ha rätt storlek på huvudsäkringen?;Rätt storlek är viktig för att undvika överbelastning och för att hålla elsystemet säkert.;2024-02-20;Hushållsel och elabbonemang
Kan jag själv byta ut min huvudsäkring?;Det rekommenderas inte. Byten bör utföras av en kvalificerad elektriker för att säkerställa korrekt installation och säkerhet.;2024-02-20;Hushållsel och elabbonemang
Kan jag själv byta ut min huvudsäkring?;Det rekommenderas inte. Byten bör utföras av en kvalificerad elektriker för att säkerställa korrekt installation och säkerhet.;2024-02-20;Hushållsel och elabbonemang
Vad gör jag om jag planerar att lägga till fler elektriska apparater?;Kontakta en elektriker för att bedöma om huvudsäkringen behöver uppgraderas för att hantera den ökade belastningen.;2024-02-20;Hushållsel och elabbonemang
Hur kan jag minska belastningen på huvudsäkringen?;Genom att använda energisnåla apparater och undvika att koppla in för många apparater samtidigt kan du minska belastningen.;2024-02-20;Hushållsel och elabbonemang
Vilken är den vanligaste orsaken till överhettning i ett elsystem?;Överbelastning, där den anslutna belastningen är större än vad huvudsäkringen klarar av, är en vanlig orsak till överhettning i ett elsystem.;2024-02-20;Hushållsel och elabbonemang
Vad betyder det om huvudsäkringen är överdimensionerad?;Om huvudsäkringen är överdimensionerad betyder det att dess kapacitet är större än vad som behövs för den faktiska elförbrukningen i hemmet.;2024-02-20;Hushållsel och elabbonemang
Varför kan en överdimensionerad huvudsäkring vara ett problem?;En överdimensionerad huvudsäkring kan vara ett problem eftersom den kanske inte löser ut vid överbelastning, vilket ökar risken för överhettning och andra elrelaterade problem.;2024-02-20;Hushållsel och elabbonemang
Hur kan jag veta om min huvudsäkring är rätt storlek?;För att veta om din huvudsäkring är rätt storlek bör du överväga din elförbrukning, kontrollera märkningen på huvudsäkringen och konsultera en elektriker om du är osäker.;2024-02-20;Hushållsel och elabbonemang
Varför är det viktigt att ha rätt storlek på huvudsäkringen från ett ekonomiskt perspektiv?;Många elnätsföretag tar ut grundavgifter baserat på huvudsäkringens kapacitet. Om du har en överdimensionerad huvudsäkring kan du behöva betala högre grundavgifter än vad som skulle vara nödvändigt med en mindre kapacitet. Samt en större huvudsäkring innebär oftast en högre maxkapacitet för elförbrukningen. Om din faktiska elförbrukning är lägre än huvudsäkringens kapacitet, betalar du för en överskottskapacitet som du inte utnyttjar. Detta kan resultera i onödigt höga elkostnader.;2024-02-20;Hushållsel och elabbonemang
Varför är min elanvändning hög om uppvärmningen inte är eldriven?;Andra apparater och elektroniska enheter, som belysning, köksutrustning och underhållningssystem, kan vara ansvariga för hög elanvändning.;2024-02-20;Hushållsel och elabbonemang
Vilka apparater kan vara de största elslukarna i en lägenhet?;Vanligtvis är uppvärmning, kylning, varmvattenberedare, tvättmaskin och torktumlare de största elkonsumenterna.;2024-02-20;Hushållsel och elabbonemang
Hur kan jag identifiera specifika apparater som bidrar till hög elanvändning?;Använd energimätare eller smarta eluttag för att övervaka förbrukningen av individuella apparater och identifiera energislukare.;2024-02-20;Hushållsel och elabbonemang
Kan jag minska elanvändningen genom att använda energieffektiva apparater?;Ja, investera i apparater med hög energieffektivitet, som Energy Star-märkta produkter, för att minska elkostnaderna.;2024-02-20;Hushållsel och elabbonemang
Vilka åtgärder kan jag vidta för att minska elanvändningen i min lägenhet?;Använd energisparande lampor, stäng av elektronik när de inte används, och överväg att använda termostater och timerkontroller.;2024-02-20;Hushållsel och elabbonemang
Hur kan jag övervaka min elanvändning löpande?;Installera smarta elmätare eller använd appar och webbplatser som ger realtidsinformation om din elförbrukning för bättre medvetenhet och kontroll.;2024-02-20;Hushållsel och elabbonemang
Vilka typer av lokaler finns i fastigheten och hur påverkar det energiförbrukningen?;För att optimera energieffektiviteten bör varje lokal utvärderas individuellt för att identifiera specifika åtgärder.;2024-02-20;Verksamhetsel
Hur används el i gemensamma områden som korridorer, hissar och lobbyn?;Genom att övervaka och analysera energianvändningen i gemensamma områden kan fastigheten få insikt i var energin används mest och därmed fokusera på prioriterade områden för förbättring.;2024-02-20;Verksamhetsel
Vilka energikrävande verksamheter finns i de kommersiella lokalerna?;En inventering av energikrävande apparater och utrustning i kommersiella lokaler är avgörande för att förstå deras påverkan på energiförbrukningen.;2024-02-20;Verksamhetsel
Finns det separata elmätare för varje lokal och gemensamma områden?;Separata elmätare ger möjlighet att följa och utvärdera individuell energianvändning i varje lokal och gemensamma områden.;2024-02-20;Verksamhetsel
Hur kan belysningen i gemensamma områden optimeras för energieffektivitet?;Genom att överväga övergång till LED-belysning och använda sensorer för närvarostyrning kan energieffektiviteten förbättras.;2024-02-20;Verksamhetsel
Använder lokaler i fastigheten energieffektiv utrustning och apparater?;Lokalernas användning av energieffektiv utrustning och apparater kan minska onödig energiförbrukning.;2024-02-20;Verksamhetsel
Hur påverkar öppettider och användningstider energiförbrukningen?;Övervakning av tidsperioder för hög och låg användning kan hjälpa till att skapa effektiva tidtabeller för energiförbrukning.;2024-02-20;Verksamhetsel
Finns det möjligheter att implementera närvarosensorer för att reglera belysning och ventilation?;Närvarosensorer kan användas för att reglera belysning och ventilation i gemensamma områden baserat på faktisk användning.;2024-02-20;Verksamhetsel
Vilka energisparande åtgärder har tidigare genomförts i de kommersiella lokalerna?;Genom att utvärdera tidigare genomförda energibesparande åtgärder kan fastigheten få insikt i deras påverkan och identifiera ytterligare förbättringsmöjligheter.;2024-02-20;Verksamhetsel
Är lokalernas elektriska system optimerade för energieffektivitet?;En optimering av de kommersiella lokalernas elektriska system kan inkludera uppgraderingar och modernisering av befintliga installationer.;2024-02-20;Verksamhetsel
Finns det energianvändningsvanor som kan identifieras och förbättras?;Energiutbildning och medvetenhet bland lokalhyresgäster kan hjälpa till att förbättra energianvändningsvanor.;2024-02-20;Verksamhetsel
Kan energieffektivitetscertifieringar användas för att främja medvetenhet och förbättringar?;Energieffektivitetscertifieringar som ENERGY STAR eller liknande kan ge fastigheten ett tydligt ramverk för att förbättra prestanda.;2024-02-20;Verksamhetsel
Finns det möjligheter att använda smarta mätare och system för övervakning och analys?;Smarta mätare och övervakningssystem kan användas för att samla in och analysera data om energianvändning i realtid.;2024-02-20;Verksamhetsel
Hur påverkar olika årstider och väderförhållanden energiförbrukningen i lokalerna?;Säsongsvariationer och väderförhållanden kan påverka uppvärmnings- och kylbehov, och anpassningar kan göras för att optimera energiförbrukningen.;2024-02-20;Verksamhetsel
Finns det överflödig eller onödig belysning i gemensamma områden?;Undersökning av gemensamma områden kan avslöja onödig belysning som kan minskas för att spara energi.;2024-02-20;Verksamhetsel
Vilken typ av värme- och kylsystem används i de kommersiella lokalerna?;Ett optimerat värme- och kylsystem kan minska energiförbrukningen genom effektivare reglering av inomhusklimatet.;2024-02-20;Verksamhetsel
Finns det ineffektiviteter i eldistributionssystemet som kan åtgärdas?;Genom att utvärdera elkraftdistributionen kan ineffektiviteter och förluster minimeras.;2024-02-20;Verksamhetsel
Hur kan användningen av energiintensiva apparater som kopiatorer eller skrivare optimeras?;Medvetenhet om energieffektivitetsprogram och incitament kan främja engagemang bland lokalhyresgäster.;2024-02-20;Verksamhetsel
Vilka möjligheter finns att implementera solenergi eller andra förnybara energikällor?;Solenergi och andra förnybara energikällor kan integreras för att minska beroendet av icke förnybara energikällor.;2024-02-20;Verksamhetsel
Har fastigheten övervägt att använda energieffektiv belysning som LED-lampor eller liknande?;Övergång till energieffektiv belysning som LED-lampor kan minska energiförbrukningen och förbättra belysningskvaliteten.;2024-02-20;Verksamhetsel
Kan gemensamma utrymmen belysas och ventileras separat beroende på behov?;Zonering av belysning och ventilation i gemensamma områden kan optimera energianvändningen.;2024-02-20;Verksamhetsel
Finns det möjligheter att minska standby-strömförbrukningen i kommersiella apparater?;Standby-strömförbrukningen kan minskas genom att använda energieffektiva apparater och genom att stänga av oanvänd utrustning.;2024-02-20;Verksamhetsel
Hur påverkar ventilationssystemet energiförbrukningen och hur kan det optimeras?;Övervägande av intelligent styrning för klimatkontroll kan optimera energianvändningen i kommersiella utrymmen.;2024-02-20;Verksamhetsel
Har fastigheten övervägt att använda intelligent styrning för klimatkontroll i lokalerna?;Förbättring av energiutbildning och engagemang bland lokalhyresgäster kan förändra beteendemönster för energianvändning.;2024-02-20;Verksamhetsel
Vilka incitament eller fördelar kan erbjudas lokala företag för att anta energieffektiva beteenden?;Energieffektiviseringsåtgärder kan möta hinder genom tydlig kommunikation och övervakning av resultaten.;2024-02-20;Verksamhetsel
Hur kan fastigheten utbilda och engagera lokalhyresgäster för att främja energieffektivitet?;Implementering av avancerade energihanteringsplattformar kan förbättra övervakning och styrning av energiförbrukningen.;2024-02-20;Verksamhetsel
Vilka teknologiska innovationer kan integreras för att förbättra energieffektiviteten i lokalerna?;Övervägande av teknologiska innovationer som IoT och smarta apparater kan förbättra energieffektiviteten.;2024-02-20;Verksamhetsel
Finns det hinder för genomförandet av energieffektiviseringsåtgärder, och hur kan de övervinnas?;Identifiering och överkommande av hinder för energieffektivisering kan leda till framgångsrika genomföranden.;2024-02-20;Verksamhetsel
Har fastigheten övervägt att implementera avancerade energihanteringsplattformar för analys och styrning?;Integration av förnybara energikällor som solenergi kan minska koldioxidavtrycket och förbättra hållbarhetsprofilen.;2024-02-20;Verksamhetsel
Hur påverkar kommersiell verksamhet fastighetens övergripande energianvändning?;Engagemang i samhällsinit iativ för energieffektivitet och hållbarhet kan stärka fastighetens hållbarhetsstrategi.;2024-02-20;Verksamhetsel
Vilka möjligheter finns att använda digitalisering och IoT för att övervaka och styra energiförbrukningen?;Samarbeten med lokala myndigheter kan leda till gemensamma initiativ för energieffektivitet och hållbarhet.;2024-02-20;Verksamhetsel
Hur kan fastigheten minska energibehovet för uppvärmning och kylning i kommersiella utrymmen?;Teknologier som digitalisering och IoT kan användas för att övervaka och optimera energianvändningen i realtid.;2024-02-20;Verksamhetsel
Finns det möjligheter att integrera energilagringslösningar i lokalerna?;Minskning av energibehovet för uppvärmning och kylning i kommersiella lokaler kan uppnås genom effektiv isolering och klimatstyrning.;2024-02-20;Verksamhetsel
Vilken typ av elektrisk utrustning används i lokalerna och kan den uppgraderas för bättre effektivitet?;Integrering av energilagringslösningar kan bidra till att utjämna energiförbrukningen och minska toppbelastningar.;2024-02-20;Verksamhetsel
Hur påverkar elpriser och avtal fastighetens strategier för energieffektivisering?;Uppgradering av elektrisk utrustning till mer energieffektiva alternativ kan minska förluster och förbättra prestanda.;2024-02-20;Verksamhetsel
Har fastigheten övervägt att implementera tidsinställda kontroller för specifika apparater eller system?;Påverkan av elpriser på fastighetens strategier för energieffektivisering kan variera beroende av kontrakt och förhandlingar.;2024-02-20;Verksamhetsel
Vilka strategier finns för att optimera användningen av förnybara energikällor i lokalerna?;Tidsinställda kontroller för specifika apparater eller system kan optimera energianvändningen under olika tider på dagen.;2024-02-20;Verksamhetsel
Finns det möjligheter att integrera energieffektivisering i renoveringsprojekt för de kommersiella lokalerna?;Strategier för att integrera förnybara energikällor i lokalernas energisystem bör övervägas för att maximera hållbarheten.;2024-02-20;Verksamhetsel
Hur påverkas energiförbrukningen av förändringar i antalet hyresgäster i kommersiella utrymmen?;Integrering av energieffektivisering i renoveringsprojekt kan vara kostnadseffektivt och miljövänligt.;2024-02-20;Verksamhetsel
Har fastigheten övervägt att använda grön finansiering för energieffektiviseringsprojekt i lokalerna?;Förändringar i antalet hyresgäster i kommersiella utrymmen kan påverka energiförbrukningen och kräver en anpassning av energihanteringsstrategier.;2024-02-20;Verksamhetsel
Finns det möjligheter att implementera tidsbegränsade kampanjer för energibesparing bland lokalhyresgäster?;Grön finansiering kan vara ett verktyg för att finansiera energieffektiviseringsprojekt och främja hållbarhet.;2024-02-20;Verksamhetsel
Hur kan fastigheten använda dataanalys för att identifiera mönster och optimera energianvändningen?;Tidsbegränsade kampanjer för energibesparing bland lokalhyresgäster kan främja medvetenhet och engagemang.;2024-02-20;Verksamhetsel
Vilka åtgärder kan vidtas för att förbättra isoleringen och minska värme- och kyleffektbehovet i lokalerna?;Dataanalys kan användas för att identifiera mönster och optimera energianvändningen för maximal effektivitet.;2024-02-20;Verksamhetsel
Finns det möjligheter att integrera energieffektivisering i fastighetens övergripande planering och strategi?;Förbättringar av isoleringen i lokalerna kan minska behovet av värme och kyla och därmed spara energi.;2024-02-20;Verksamhetsel
Hur påverkar fastighetens nuvarande elsystem lokalern as totala driftskostnader?;Integrering av energieffektivisering i fastighetens övergripande planering och strategi är nödvändig för långsiktig framgång.;2024-02-20;Verksamhetsel
Har fastigheten övervägt att engagera sig i samhällsinitiativ för energieffektivitet och hållbarhet?;Nuvarande elsystem kan påverka de totala driftskostnaderna för lokalerna, och effektiviseringar bör övervägas.;2024-02-20;Verksamhetsel
Finns det möjligheter att samarbeta med lokala myndigheter för att främja energieffektivitet i kommersiella byggnader?;Engagemang i samhällsinitiativ för energieffektivitet och hållbarhet stärker fastighetens hållbarhetsprofil.;2024-02-20;Verksamhetsel
Hur kan fastigheten främja ett hållbart beteende bland lokalhyresgäster?;Samarbeten med lokala myndigheter för att främja energieffektivitet i kommersiella byggnader kan vara fördelaktiga för alla parter.;2024-02-20;Verksamhetsel
Vilka framtidsscenarier och teknologier bör fastigheten överväga för att förbättra energieffektiviteten i kommersiella lokalerna?;Framtidsscenarier och teknologier bör övervägas i fastighetens planering för att hålla sig uppdaterad och möta framtida energieffektivitetsmål.;2024-02-20;Verksamhetsel
Vad är rekommendationen för ljusstyrkan i trapphus?;En allmän rekommendation är att ha en ljusstyrka på minst 150 lux i trapphus för att säkerställa god synlighet och minska risken för olyckor.;2024-02-20;Belysning
Hur kan man förbättra belysningen i källarplan?;Eftersom källarplan tenderar att ha mindre naturligt ljus är det viktigt att välja ljusa färger för väggar och golv. Komplettera med välplacerade armaturer, som taklampor och vägglampor.;2024-02-20;Belysning
Vilka säkerhetsaspekter bör beaktas i tvättstugan med avseende på belysning?;Se till att belysningen i tvättstugan är vattentät och uppfyller säkerhetsstandarder. Undvik att placera lampor för nära tvättmaskiner och andra vattenkällor för att minimera risken för kortslutning.;2024-02-20;Belysning
Är det lämpligt att använda rörelsesensorer i allmänna utrymmen som trapphus?;Ja, användning av rörelsesensorer är fördelaktig i trapphus eftersom de kan aktivera belysningen automatiskt när någon närmar sig, vilket sparar energi och ger ökad säkerhet.;2024-02-20;Belysning
Vilka är de bästa ljuskällorna för allmän belysning?;LED-lampor är vanligtvis det bästa valet för allmän belysning i gemensamma områden. De är energieffektiva, har lång livslängd och ger jämn belysning.;2024-02-20;Belysning
Vad är den optimala placeringen av belysning i trapphus för att undvika skuggor?;Placera belysningsarmaturer på båda sidor av trappan och undvik att ha dem direkt ovanför hörnen för att minimera skuggbildning och säkerställa jämn belysning.;2024-02-20;Belysning
Hur kan man skapa en energieffektiv belysningsdesign i källarplan?;Använd energieffektiva ljuskällor som LED och kombinera dem med automatiska avstängningsfunktioner eller sensorer för att minska onödig energiförbrukning.;2024-02-20;Belysning
Finns det specifika färgtemperaturer som är mer lämpliga för allmän belysning i dessa utrymmen?;En färgtemperatur på cirka 4000 Kelvin anses vara lämplig för allmän belysning i dessa utrymmen, eftersom den ger en neutral och behaglig belysning.;2024-02-20;Belysning
Vad är viktigt att överväga vid val av belysningsarmaturer för tvättstugan?;Välj belysningsarmaturer som är tåliga mot fukt och vattenstänk. Armaturerna bör också vara enkla att rengöra och underhålla, med tanke på miljön i tvättstugan.;2024-02-20;Belysning
Varför överväger ni att byta ut de äldre belysningsarmaturerna i trapphuset?;De äldre belysningsarmaturerna i trapphuset behöver bytas ut på grund av ökad energieffektivitet och för att minska underhållskostnaderna.;2024-02-20;Belysning
Vilken typ av belysningsarmaturer överväger ni att installera som ersättning i källarplanet?;Vi överväger att installera moderna LED-belysningsarmaturer i källarplanet för att förbättra ljuskvaliteten och minska energiförbrukningen.;2024-02-20;Belysning
Vilka fördelar förväntas det nya belysningssystemet ge i trapphuset?;Det nya belysningssystemet förväntas ge minskad driftel, ökad ljusstyrka, längre livslängd och minskade underhållskrav i trapphuset.;2024-02-20;Belysning
Hur kommer byte av belysning påverka de boende i byggnaden?;Byte av belysningen syftar till att förbättra belysningskvaliteten och skapa en tryggare och mer bekväm miljö för de boende i trapphuset, källarplanet och tvättstugan.;2024-02-20;Belysning
Vilka åtgärder kan jag vidta för att förbättra isoleringen i min lägenhet?;Täta eventuella luftläckage, använd tätningslist runt fönster och dörrar, och överväg att sätta upp tjocka gardiner.;2024-02-20;Ytterväggar
Vilka är de vanligaste orsakerna till kalla golv?;Otillräcklig isolering under golvet, kalla luftströmmar från ventilationsöppningar eller trasiga tätningar runt golvet kan vara orsaker.;2024-02-20;Golv
Hur kan jag förbättra isoleringen under golvet?;Installera isoleringsmaterial under golvet eller använd mattor och täcken för att minimera kyla från marken.;2024-02-20;Golv
Hur kan jag själv kontrollera om fönstren är tätade?;Använd ett ljus och placera det nära fönstret. Om ljuset fläktar eller slocknar, kan det vara en indikation på luftläckage.;2024-02-20;Fönster
Varför är det viktigt att åtgärda kondensbildning på fönstren?;Över tid kan kondens leda till mögel- och mögeltillväxt, vilket kan påverka inomhusluftkvaliteten och hälsan negativt.;2024-02-20;Fönster
Vad gör jag om kondensen leder till mögelbildning på fönsterkarmen?;Rengör området noggrant och överväg att använda mögelavlägsnare. Se även över ventilationen för att förhindra framtida mögelbildning.;2024-02-20;Fönster
Finns det långsiktiga lösningar för att förhindra kondens på fönstren?;Förbättra isoleringen, investera i energieffektiva fönster, och bibehåll en bra balans mellan inomhusluftfuktighet och temperatur för att minimera kondensproblemet.;2024-02-20;Fönster
Hur kan man öka energieffektiviteten vid uppvärmning av tappvarmvatten?;En effektiv åtgärd är att isolera varmvattenledningar för att minska värmeförlusterna och därmed spara energi.;2024-02-20;Tappvarmvatten
hur många grader ska vara i trapphus?;Generellt sett är det vanligt att trapphuset hålls på en temperatur som är tillräckligt varm för att undvika kondensation och för att säkerställa en säker komfort för de boende och besökare. Temperaturen i trapphus kan normalt sett ligga inom intervallet 12-15 grader;2024-02-20;Inomhusluft
Hur varm bör det vara i lägenhet eller hus för att vara bekväm?;I vardagsrummet mellan 18 och 22 grader. I kök och sovrum mellan 18 och 22 grader. och när man duschar kan en temperatur mellan 22 och 24 grader vara bra för att undvika känslan av kyla efter att ha varit i kontakt med vatten. ;2024-02-20;Inomhusluft
Varför är min lägenhet så kall?;Det kan bero på otillräcklig isolering, trasiga fönster eller dålig tätning runt dörrar.;2024-02-20;Inomhusluft
Hur påverkar luftfuktigheten temperaturen i lägenheten?;Hög luftfuktighet kan göra det känns kallare. Håll fuktigheten på en bekväm nivå för att förbättra upplevelsen av värme.;2024-02-20;Inomhusluft
Vad är en bra temperaturinställning för uppvärmning?;Det rekommenderas att hålla temperaturen mellan 18-21 grader för optimal komfort.;2024-02-20;Inomhusluft
Vad kan jag göra om jag fortfarande har problem med kylan efter att ha vidtagit åtgärder?;Kontakta din hyresvärd eller fastighetsförvaltare för att rapportera problemet och be om professionell inspektion och åtgärd.;2024-02-20;Inomhusluft
Varför kommer det kall luft från min frånluftskanaler?;Det kan bero på att ventilationskanalerna är otäta eller att det finns drag genom ventilationsflödet.;2024-02-20;Inomhusluft
Vilken inomhustemperatur rekommenderas för att minimera kondens?;Håll en jämn inomhustemperatur och undvik stora temperaturskillnader mellan rum för att minska kondensrisken.;2024-02-20;Inomhusluft
Kan jag använda avfuktare för att förhindra kondens på fönstren?;Ja, avfuktare kan hjälpa till att minska fuktigheten i luften och därigenom minska kondensbildningen.;2024-02-20;Inomhusluft
Varför bildas kondens på insidan av mina fönsterrutor?;Kondens på insidan uppstår när varm luft inomhus möter en kall yta, som fönsterrutan, och fukt i luften kondenserar på ytan.;2024-02-20;Inomhusluft
Hur påverkar elanvändningen mitt elpris?;Högre elanvändning resulterar vanligtvis i högre elkostnader på din elräkning.;2024-02-20;Avtal el
Finns det en koppling mellan vädret och min elanvändning?;Ja, extrema temperaturer kan påverka kyl- eller värmesystemets arbetsbelastning och därmed öka elanvändningen.;2024-02-20;Avtal el
Finns det några bidrag eller stöd för att förbättra lägenhetsisolering?;Kontakta din lokala myndighet eller energibolag för information om eventuella energieffektivitetsprogram eller bidrag.;2024-02-20;Bidrag
Kan jag få professionell hjälp för att genomföra en energieffektivitetskontroll i min lägenhet?;Ja, energiexperter kan genomföra en energiutvärdering och ge rekommendationer för att minska elanvändningen.;2024-02-20;Energirådgivning
"En medlem har haft problem med en sektionsradiator som började läcka. 
En del medlemmar besväras av kyla i bostäder och elementen är i vissa fall ljumma trots luftning och tillsyn av fastighetsservice. Våra element är märkta med Hedemora Sverige och har termostat Danfoss.
Eftersom dessa element är gamla vill jag passa på att fråga om det finns nyare element som är mer energieffektiva, ger bättre värme och har en säkrare drift? Alltså om det är idé att byta ut våra gamla element.
";Storleken på det vattenburna radiatorer avgörs av rummets storlek och golvyta. I det nordiska klimatet med en normal takhöjd på 2–2,5 meter och standardisolering bör ni räkna på 70–75 watt för varje kvadratmeter golvyta eller 40 W / m3 som ska värmas upp. T.ex. ett  rum på 12 m2 med standardisolering innebär att rummet har ett effektbehov på 900 W (12 m2 x 75 W). om det är ett ettrörssystem landar vi på 963 W (900 W x 1,07).;2024-02-29;Uppvärmning
Vad är syftet med värmeinjustering i flerbostadshus?;Värmeinjustering i flerbostadshus syftar till att säkerställa en optimal fördelning av värmeenergi mellan olika lägenheter för att upprätthålla bekväma inomhustemperaturer.;2024-02-29;Uppvärmning
Vilken roll spelar värmeinjustering i energieffektivitet för byggnaden?;Värmeinjustering spelar en nyckelroll i att öka energieffektiviteten genom att undvika överdriven uppvärmning och därigenom minska onödig energiförbrukning.;2024-02-29;Uppvärmning
Hur påverkar värmeinjustering inomhusklimatet i lägenheter?;Värmeinjustering påverkar inomhusklimatet genom att skapa en jämn temperaturfördelning, vilket bidrar till ökad komfort för de boende.;2024-02-29;Uppvärmning
Vilka faktorer beaktas vid värmeinjustering för olika lägenheter?;Vid värmeinjustering beaktas faktorer som rummets storlek, isolering, fönster och individuella preferenser för att skräddarsy värmebehovet.;2024-02-29;Uppvärmning
Finns det standarder eller riktlinjer för värmeinjustering i flerbostadshus?;Det finns standarder och riktlinjer, som ofta varierar beroende på geografisk plats och byggnadstyp, som styr värmeinjustering i flerbostadshus.;2024-02-29;Uppvärmning
Hur kan man balansera värmeinjusteringen för att undvika överhettning eller kyla i vissa lägenheter?;Balansering av värmeinjusteringen är avgörande för att undvika överhettning eller kyla i vissa lägenheter och kan åstadkommas genom finjustering av värmesystemet.;2024-02-29;Uppvärmning
Vilka tekniska system används för värmeinjustering i moderna flerbostadshus?;Moderna tekniska system, inklusive automatiserade termostater och zonkontrollsystem, används för att underlätta värmeinjustering.;2024-02-29;Uppvärmning
Hur kan man optimera värmeinjusteringen för att minska energiförbrukningen?;Optimering av värmeinjusteringen kan uppnås genom att använda energieffektiva uppvärmningsmetoder och övervaka systemet regelbundet.;2024-02-29;Uppvärmning
Finns det smarta teknologier som kan underlätta värmeinjusteringen i flerbostadshus?;Smarta teknologier, såsom hemautomatiseringssystem och fjärrstyrning av värmesystem, kan underlätta och förbättra värmeinjusteringen.;2024-02-29;Uppvärmning
Vilka utmaningar kan uppstå vid värmeinjustering och hur hanteras de?;Utmaningar vid värmeinjustering inkluderar felaktig installation, förändringar i byggnadsstrukturen och bristande förståelse för individuella värmebehov.;2024-02-29;Uppvärmning
Vilken typ av mätinstrument används för att övervaka och justera värmen i lägenheter?;Mätinstrument som termiska sensorer och värmemätare används för att övervaka och justera värmen i olika delar av byggnaden.;2024-02-29;Uppvärmning
Hur påverkas värmeinjusteringen av olika klimatförhållanden?;Klimatförhållanden kan påverka värmeinjusteringen genom att kräva anpassningar baserade på utomhustemperaturen.;2024-02-29;Uppvärmning
Vilken roll spelar isolering och fönster i samband med värmeinjustering?;Isolering och fönster har en direkt påverkan på värmeinjusteringen genom att påverka byggnadens termiska egenskaper.;2024-02-29;Uppvärmning
Hur påverkar användarnas beteende värmeinjusteringen i flerbostadshus?;Användarbeteende kan påverka värmeinjusteringen, och utbildning av hyresgäster kan bidra till att optimera systemets prestanda.;2024-02-29;Uppvärmning
Finns det lagar eller regleringar som styr värmeinjustering i bostadshus?;Lagar och regleringar styr ofta värmeinjustering för att säkerställa energieffektivitet och bekvämlighet för boende.;2024-02-29;Uppvärmning
Vilken typ av uppvärmningssystem är vanligt förekommande vid värmeinjustering?;Olika uppvärmningssystem, såsom fjärrvärme, individuella värmepumpar eller centralvärme, kan användas vid värmeinjustering.;2024-02-29;Uppvärmning
Hur kan man säkerställa rätt värmeinjustering när bostadshuset har olika våningar?;En jämn fördelning av värme mellan våningar uppnås genom att justera värmesystemet och balansera flödet i radiatorer och ventiler.;2024-02-29;Uppvärmning
Hur påverkas värmeinjusteringen av förändringar i byggnadens struktur eller layout?;Förändringar i byggnadens struktur kan påverka värmeinjusteringen, och anpassningar kan krävas vid ombyggnation eller renovering.;2024-02-29;Uppvärmning
Vilka åtgärder kan vidtas för att optimera värmeinjusteringen vid renovering av äldre flerbostadshus?;Vid renovering av äldre flerbostadshus kan det vara nödvändigt att uppgradera värmesystemet och förbättra isoleringen för att optimera värmeinjusteringen.;2024-02-29;Uppvärmning
Hur tar man hänsyn till individuella preferenser när det gäller värmeinjustering?;Individuella preferenser beaktas genom att tillåta anpassning av temperaturer i olika lägenheter och utrymmen.;2024-02-29;Uppvärmning
Vilken ekonomisk påverkan kan felaktig värmeinjustering ha för både hyresgäster och fastighetsägare?;Felaktig värmeinjustering kan leda till ökade kostnader för energiförbrukning och därmed påverka både hyresgäster och fastighetsägare ekonomiskt.;2024-02-29;Uppvärmning
Hur kan man säkerställa en jämn fördelning av värme mellan olika delar av byggnaden?;En jämn fördelning av värme mellan olika delar av byggnaden uppnås genom att justera flödet och temperaturinställningarna i varje område.;2024-02-29;Uppvärmning
Vilken typ av feedbacksystem finns tillgängliga för att övervaka värmeinjusteringens effektivitet?;Feedbacksystem, såsom energimätare och temperaturmätare, används för att övervaka och utvärdera värmeinjusteringens effektivitet.;2024-02-29;Uppvärmning
Hur kan värmeinjustering bidra till hållbarhet och minskad miljöpåverkan?;Värmeinjustering kan bidra till hållbarhet genom att minska överdriven energiförbrukning och därmed minska byggnadens miljöpåverkan.;2024-02-29;Uppvärmning
Vilka tekniska innovationer har införts för att förbättra värmeinjusteringen i moderna flerbostadshus?;Tekniska innovationer, som smarta termostater och avancerade styrningssystem, har införts för att förbättra värmeinjusteringen.;2024-02-29;Uppvärmning
Hur påverkas värmeinjusteringen av olika värmekällor, såsom fjärrvärme eller individuella värmepumpar?;Olika värmekällor påverkar värmeinjusteringen, och anpassningar måste göras baserat på den specifika värmekällan som används.;2024-02-29;Uppvärmning
Finns det fördelar med att använda zonindelning vid värmeinjustering i flerbostadshus?;Zonindelning kan användas för att skapa olika värmezoner i byggnaden och möjliggöra individuell justering av temperaturen.;2024-02-29;Uppvärmning
Hur kan fastighetsägare och hyresgäster samarbeta för att optimera värmeinjusteringen?;Samarbetet mellan fastighetsägare och hyresgäster är viktigt för att förstå och möta de individuella behoven och optimera värmeinjusteringen.;2024-02-29;Uppvärmning
Hur påverkar värmeinjusteringen komfortnivån för de boende i flerbostadshus?;Värmeinjustering påverkar komfortnivån genom att skapa en behaglig inomhustemperatur och undvika temperatursvängningar.;2024-02-29;Uppvärmning
Finns det utbildningsprogram eller resurser för fastighetsägare och tekniker för att förbättra sina kunskaper om värmeinjustering?;Utbildningsprogram och resurser finns tillgängliga för fastighetsägare och tekniker för att förbättra sina kunskaper om värmeinjustering och öka medvetenheten om bästa praxis.;2024-02-29;Uppvärmning
Vilka är de huvudsakliga fördelarna med att byta ut oljepannan mot ett fjärrvärmesystem?;Fördelarna med att byta ut oljepannan mot ett fjärrvärmesystem inkluderar minskade miljöpåverkningar, lägre driftskostnader och ökad energieffektivitet.;2024-02-29;Uppvärmning
Hur påverkas energieffektiviteten vid övergången till fjärrvärme?;Energieffektiviteten förbättras betydligt vid övergången till fjärrvärme på grund av en mer effektiv energiöverföring och användning.;2024-02-29;Uppvärmning
Vilka miljömässiga fördelar finns med att använda fjärrvärme istället för oljepanna?;Miljöfördelarna med fjärrvärme inkluderar minskade koldioxidutsläpp och beroendet av fossila bränslen, vilket bidrar till en hållbarare boendemiljö.;2024-02-29;Uppvärmning
Vad är den förväntade livslängden för en oljepanna jämfört med ett fjärrvärmesystem?;Livslängden för ett fjärrvärmesystem förväntas vara längre än en oljepanna, vilket ger långsiktiga ekonomiska och hållbara fördelar.;2024-02-29;Uppvärmning
Hur påverkas boendekostnaderna av övergången till fjärrvärme?;Boendekostnaderna kan sänkas på grund av lägre energikostnader och underhållskrav för ett fjärrvärmesystem.;2024-02-29;Uppvärmning
Finns det några ekonomiska incitament eller bidrag för att genomföra denna typ av konvertering?;Det kan finnas ekonomiska incitament och bidrag tillgängliga från statliga eller regionala myndigheter för att stödja konverteringen till fjärrvärme.;2024-02-29;Uppvärmning
Vilka tekniska justeringar krävs i fastigheten vid övergången till fjärrvärme?;Tekniska justeringar kan inkludera installation av fjärrvärmecentral, anslutning till det lokala fjärrvärmesystemet och eventuella uppgraderingar av befintliga värmesystem.;2024-02-29;Uppvärmning
Hur påverkar övergången till fjärrvärme fastighetens värde?;Fastighetens värde kan öka efter övergången till fjärrvärme på grund av dess positiva miljöpåverkan och energieffektivitet.;2024-02-29;Uppvärmning
Finns det några planerade förbättringar eller uppgraderingar av det befintliga fjärrvärmesystemet?;Planerade förbättringar eller uppgraderingar av det befintliga fjärrvärmesystemet kan ge ytterligare fördelar och förbättringar över tid.;2024-02-29;Uppvärmning
Hur påverkas inomhusklimatet av övergången till fjärrvärme?;Inomhusklimatet kan förbättras genom en jämnare och mer konstant värmeförsörjning från fjärrvärmen.;2024-02-29;Uppvärmning
Vilken typ av underhåll kräver ett fjärrvärmesystem jämfört med en oljepanna?;Underhållskraven för ett fjärrvärmesystem tenderar att vara lägre än för en oljepanna, vilket kan minska kostnaderna och ansträngningen över tiden.;2024-02-29;Uppvärmning
Hur påverkas lokal energiförsörjning och oberoende av övergången till fjärrvärme?;Lokal energiförsörjning kan påverkas positivt genom att övergå till fjärrvärme, beroende på källorna till fjärrvärmen i området.;2024-02-29;Uppvärmning
Vilka säkerhetsaspekter bör beaktas vid installationen av ett fjärrvärmesystem?;Säkerhetsaspekter som behöver beaktas inkluderar korrekt installation och överensstämmelse med säkerhetsstandarder för fjärrvärmesystem.;2024-02-29;Uppvärmning
Hur påverkas boendekomforten av övergången till fjärrvärme?;Boendekomforten förväntas förbli hög eller förbättras med övergången till fjärrvärme på grund av dess jämnare och pålitligare värmeförsörjning.;2024-02-29;Uppvärmning
Finns det några specifika tillstånd eller tillstånd som behövs för att genomföra konverteringen?;Specifika tillstånd eller tillstånd kan krävas beroende på lagstiftningen i regionen, och det är viktigt att ha allt på plats innan konverteringen påbörjas.;2024-02-29;Uppvärmning
Hur kan fastighetsägare förbereda sig för övergången till ett fjärrvärmesystem?;Fastighetsägare kan förbereda sig genom att genomföra en noggrann utvärdering av kostnaderna och fördelarna samt söka ekonomiskt stöd om det är tillgängligt.;2024-02-29;Uppvärmning
Vilka är de främsta utmaningarna eller hinder som kan uppstå vid konvertering från oljepanna till fjärrvärme?;Utmaningar kan inkludera initiala investeringskostnader, tekniska anpassningar och eventuella störningar för hyresgästerna under installationen.;2024-02-29;Uppvärmning
Hur påverkas hyresgästerna av övergången, och hur kan deras bekymmer hanteras?;Hyresgästernas bekymmer kan hanteras genom att kommunicera tydligt om fördelarna och eventuella temporära störningar samt erbjuda stöd och information.;2024-02-29;Uppvärmning
Vilka är de typiska kostnaderna för att genomföra en sådan konvertering?;Kostnaderna för konvertering kan variera, men inkluderar vanligtvis investeringar i fjärrvärmecentral, anslutningsavgifter och eventuella nödvändiga uppgraderingar.;2024-02-29;Uppvärmning
Hur påverkas fastighetens energiprestanda av övergången till fjärrvärme?;Fastighetens energiprestanda förväntas förbättras genom övergången till fjärrvärme, vilket kan avspegla sig i lägre energiförbrukning och bättre betyg.;2024-02-29;Uppvärmning
Finns det några försäkringsaspekter som behöver beaktas vid övergången till fjärrvärme?;Försäkringsaspekter bör beaktas, och fastighetsägaren bör kontakta försäkringsbolaget för att säkerställa att övergången inte påverkar täckningen negativt.;2024-02-29;Uppvärmning
Hur påverkas fjärrvärmeanvändningen av fastighetens geografiska läge och klimat?;Fjärrvärmeanvändningen påverkas av geografiskt läge och klimat, med olika potentiella källor för fjärrvärme beroende på regionen.;2024-02-29;Uppvärmning
Finns det några flexibilitetsfunktioner i fjärrvärmesystemet som kan utnyttjas?;Flexibilitetsfunktioner i fjärrvärmesystemet kan inkludera möjligheter till smarta termostater, tidsinställningar och fjärrstyrning för ökad kontroll.;2024-02-29;Uppvärmning
Hur påverkas fastighetens totala koldioxidavtryck efter övergången till fjärrvärme?;Koldioxidavtrycket för fastigheten förväntas minska avsevärt genom att övergå till fjärrvärme, vilket stöder hållbara och gröna initiativ.;2024-02-29;Uppvärmning
Hur kan fastighetsägare övervaka och optimera energianvändningen i det nya systemet?;Fastighetsägare kan övervaka och optimera energianvändningen genom att implementera energieffektiva teknologier och system samt genom regelbunden underhåll.;2024-02-29;Uppvärmning
Vilka leverantörer och tjänster är tillgängliga för installation och underhåll av fjärrvärmesystemet?;Leverantörer och tjänster för installation och underhåll av fjärrvärmesystem kan identifieras genom att konsultera lokala energibolag och entreprenörer.;2024-02-29;Uppvärmning
Hur påverkas systemets prestanda under perioder av hög efterfrågan?;Systemets prestanda under perioder av hög efterfrågan kan variera beroende på kapacitet och effektivitet i det lokala fjärrvärmesystemet.;2024-02-29;Uppvärmning
Finns det några backuplösningar eller alternativa energikällor som kan integreras med fjärrvärmesystemet?;Backuplösningar eller alternativa energikällor kan integreras för att hantera eventuella driftstörningar och säkerställa en pålitlig värmeförsörjning.;2024-02-29;Uppvärmning
Vilka åtgärder krävs för att anpassa befintliga värmesystem och rörledningar till ett fjärrvärmesystem?;Åtgärder för att anpassa befintliga värmesystem och rörledningar inkluderar eventuell rekonfiguration eller uppgradering för att säkerställa kompatibilitet med fjärrvärmesystemet.;2024-02-29;Uppvärmning
Hur kan fastighetsägare kommunicera och samarbeta med hyresgäster under och efter övergången till fjärrvärme?;Kommunikation och samarbete med hyresgäster är avgörande och kan inkludera informationsmöten, uppdateringar om konverteringsprocessen och svar på eventuella frågor eller bekymmer.;2024-02-29;Uppvärmning
Varför överväger ni att byta ut oljepannan mot en bergvärmepump?;Vi överväger att byta ut oljepannan mot en bergvärmepump för att minska miljöpåverkan och sänka energikostnaderna på lång sikt.;2024-02-29;Uppvärmning
Finns det några specifika miljömässiga mål ni försöker uppnå genom att byta till bergvärme?;Vårt mål är att minska koldioxidutsläppen och förbättra fastighetens energieffektivitet.;2024-02-29;Uppvärmning
Vilken geologisk undersökning har gjorts för att bedöma möjligheterna till bergvärme på platsen?;En geologisk undersökning har genomförts för att bedöma bergvärme potentialen på platsen, och resultaten stöder övergången till bergvärme.;2024-02-29;Uppvärmning
Hur påverkar storleken på fastigheten valet av bergvärmepump?;Fastighetens storlek påverkar valet av bergvärmepump, och vi överväger en modell som passar vår specifika situation.;2024-02-29;Uppvärmning
Vilka regler och tillstånd måste följas vid installationen av en bergvärmepump?;Alla nödvändiga regler och tillstånd kommer att följas i enlighet med lokala bestämmelser och lagar.;2024-02-29;Uppvärmning
Vilka kostnader förväntas vid bytet från oljepanna till bergvärmepump?;De initiala kostnaderna för installationen förväntas vara [belopp], men dessa förväntas balanseras av lägre driftskostnader över tid.;2024-02-29;Uppvärmning
Vilka underhållskrav har bergvärmepumpen jämfört med oljepannan?;Bergvärmepumpen kräver mindre underhåll jämfört med oljepannan, vilket bidrar till lägre driftskostnader på lång sikt.;2024-02-29;Uppvärmning
Hur påverkar klimatet och geografiska förhållanden effektiviteten hos en bergvärmepump?;Klimatet och de geografiska förhållandena påverkar bergvärmepumpens effektivitet, men modellen som övervägs är robust och anpassar sig väl till olika förhållanden.;2024-02-29;Uppvärmning
Finns det några ekonomiska incitament eller bidrag tillgängliga för att byta till bergvärme?;Vi utnyttjar eventuella tillgängliga ekonomiska incitament och bidrag för att underlätta övergången till bergvärme.;2024-02-29;Uppvärmning
Vilken typ av värmesystem är ansluten till oljepannan, och kommer det att krävas några ändringar vid övergången till bergvärme?;Inga stora förändringar i värmesystemet kommer att krävas, men vissa anpassningar kommer att göras för att integrera bergvärmen effektivt.;2024-02-29;Uppvärmning
Hur påverkar bytet till bergvärme de boende i flerbostadshuset?;De boende kommer att dra nytta av ökad energieffektivitet och en miljövänligare uppvärmningsmetod.;2024-02-29;Uppvärmning
Vilka garantier och serviceavtal erbjuds av tillverkaren av bergvärmepumpen?;Tillverkaren erbjuder garantier och serviceavtal för att säkerställa driftsäkerheten för bergvärmepumpen.;2024-02-29;Uppvärmning
Hur ser energieffektiviteten ut för den föreslagna bergvärmepumpen jämfört med oljepannan?;Bergvärmepumpen förväntas vara mer energieffektiv än den befintliga oljepannan och bidra till minskade energikostnader.;2024-02-29;Uppvärmning
Hur hanteras bortskaffandet av den gamla oljepannan och eventuella miljöfarliga ämnen?;Bortskaffandet av den gamla oljepannan kommer att göras i enlighet med miljöstandarder och eventuellt återvinning där det är möjligt.;2024-02-29;Uppvärmning
Vilka temperaturer kan bergvärmepumpen generera för att tillgodose uppvärmningsbehoven i flerbostadshuset?;Bergvärmepumpen kommer att generera tillräckliga temperaturer för att uppfylla uppvärmningsbehoven i flerbostadshuset.;2024-02-29;Uppvärmning
Vilka förändringar kommer att göras i det befintliga värmesystemet för att anpassa det till bergvärmen?;Några mindre justeringar kommer att göras i det befintliga värmesystemet för att optimera integrationen med bergvärmen.;2024-02-29;Uppvärmning
Finns det några risker eller utmaningar som förväntas uppstå vid övergången från oljevärme till bergvärme?;Risken för övergången är minimal, men vi har identifierat och planerat för eventuella utmaningar.;2024-02-29;Uppvärmning
Vilka erfarenheter har andra fastighetsägare haft med att byta till bergvärme i liknande byggnader?;Vi har samlat in erfarenheter från andra fastighetsägare som har genomfört liknande övergångar och lärt oss av deras framgångar och utmaningar.;2024-02-29;Uppvärmning
Vilka tekniska krav ställs på fastigheten för att installera en bergvärmepump?;Fastigheten uppfyller tekniska krav för installationen av en bergvärmepump.;2024-02-29;Uppvärmning
Hur påverkas inomhusklimatet av övergången till bergvärme?;Inomhusklimatet kommer att förbättras genom den jämnare och mer konstanta värmetillförseln från bergvärmen.;2024-02-29;Uppvärmning
Finns det några möjligheter att integrera förnybara energikällor i samband med installationen av bergvärmen?;Vi överväger att integrera solpaneler eller andra förnybara energikällor i samband med installationen av bergvärmen.;2024-02-29;Uppvärmning
Hur påverkar bergvärmepumpens livslängd och hållbarhet beslutet att övergå från oljepanna?;Livslängden och hållbarheten för bergvärmepumpen anses vara god, vilket ger en pålitlig och långsiktig lösning.;2024-02-29;Uppvärmning
Hur fungerar systemet för energilagring och distribution för bergvärme?;Energilagring och distributionssystemet för bergvärmen är väl planerat för att maximera effektiviteten.;2024-02-29;Uppvärmning
Vilken typ av energieffektivitet och kostnadsbesparingar kan förväntas på lång sikt?;Vi förväntar oss betydande energieffektivitet och kostnadsbesparingar på lång sikt.;2024-02-29;Uppvärmning
Vilka är de potentiella miljömässiga och samhällsmässiga fördelarna med att övergå till bergvärme?;De potentiella miljömässiga och samhällsmässiga fördelarna inkluderar minskade koldioxidutsläpp och minskad beroende av fossila bränslen.;2024-02-29;Uppvärmning
Vilken typ av utbildning och information kommer att tillhandahållas för de boende angående den nya bergvärmepumpen?;Installatören tillhandahållar information och utbildning för de boende för att underlätta övergången och optimera användningen av bergvärmen.;2024-02-29;Uppvärmning
Vilken typ av biobränsle är planerat att användas i den nya pannan?;Typen av biobränsle kan variera, men vanliga alternativ inkluderar träpellets, flis, eller biogas beroende på tillgänglighet och krav.;2024-02-29;Uppvärmning
Vad är de primära skälen för att byta ut oljepannan mot en biobränslepanna?;Primära skäl inkluderar att minska klimatpåverkan, använda förnybara energikällor och eventuellt erhålla ekonomiskt stöd eller incitament.;2024-02-29;Uppvärmning
Hur påverkas byggnadens energieffektivitet av övergången till biobränsle?;Övergången kan förbättra byggnadens energieffektivitet genom att använda en mer hållbar och förnybar energikälla.;2024-02-29;Uppvärmning
Vilka kostnader är förknippade med installationen av en biobränslepanna jämfört med oljepannan?;Kostnaderna inkluderar inköp av utrustning, installationskostnader och eventuella nödvändiga infrastrukturändringar.;2024-02-29;Uppvärmning
Finns det några ekonomiska incitament eller bidrag för att stödja övergången till biobränsle?;Ja, det kan finnas ekonomiskt stöd från statliga eller regionala myndigheter för att främja användningen av förnybara energikällor.;2024-02-29;Uppvärmning
Hur påverkar övergången till biobränsle energikostnaderna för hyresgästerna?;Övergången kan leda till minskade eller stabila energikostnader för hyresgästerna, beroende på prisstabiliteten för biobrä;2024-02-29;Uppvärmning
Vilken typ av infrastrukturändringar krävs för att stödja biobränslepannan?;Det kan kräva anpassningar av rörledningar, lagringsutrymmen och ventilationssystem för att stödja biobränslepannan.;2024-02-29;Uppvärmning
Hur påverkar biobränsletillförseln och tillgängligheten beslutet att byta ut pannan?;Tillgängligheten och prisstabiliteten för biobränslet är avgörande faktorer som påverkar beslutet att byta ut oljepannan.;2024-02-29;Uppvärmning
Finns det några specifika tillstånd eller tillstånd som krävs för installationen av en biobränslepanna?;Ja, det kan krävas tillstånd från lokala myndigheter och miljödepartement för att installera en biobränslepanna.;2024-02-29;Uppvärmning
Vilka är de miljömässiga fördelarna med att byta till biobränsle i jämförelse med olja?; Minskad koldioxidutsläpp och minskad påverkan på miljön, särskilt om biobränslet är hållbart producerat.;2024-02-29;Uppvärmning
Hur påverkas livslängden och underhållskostnaderna för biobränslepannan jämfört med oljepannan?; Livslängden och underhållskostnaderna för biobränslepannan kan variera men kan potentiellt vara jämförbara eller fördelaktigare på grund av renare förbränning.;2024-02-29;Uppvärmning
Vilka säkerhetsåtgärder och regler måste följas vid installationen av en biobränslepanna?; Installationen måste följa lokala säkerhetsstandarder och regler för att minimera risker för både installatörer och boende.;2024-02-29;Uppvärmning
Finns det några risker eller utmaningar som är specifika för övergången till biobränsle?; Potentiella risker inkluderar tillgängligheten av biobränsle och tekniska anpassningar, samt utbildning för underhåll och hantering.;2024-02-29;Uppvärmning
Hur påverkar biobränsleproduktionen och användningen den totala koldioxidavtrycket?; Om biobränslet produceras hållbart kan det leda till en lägre total koldioxidpåverkan jämfört med olja.;2024-02-29;Uppvärmning
Vilka tekniska anpassningar krävs för att integrera biobränslepannan i befintligt värmesystem?; Det kan kräva justeringar av rörledningar och värmeutrustning för att integrera biobränslepannan effektivt i det befintliga systemet.;2024-02-29;Uppvärmning
Har det gjorts en noggrann bedömning av den aktuella energianvändningen och behovet i fastigheten?; En noggrann energiutvärdering bör utföras för att dimensionera biobränslepannan korrekt och möta fastighetens energibehov.;2024-02-29;Uppvärmning
Hur påverkar övergången till biobränslepanna fastighetens värde och marknadsvärde?; Det kan öka fastighetens värde och marknadsvärde genom att göra den mer attraktiv och hållbar.;2024-02-29;Uppvärmning
Vilka potentiella samhällspåverkningar bör beaktas vid övergången till biobränsle?; Ökad användning av biobränsle kan bidra till minskad beroende av fossila bränslen och därmed minska koldioxidutsläpp.;2024-02-29;Uppvärmning
Finns det några specifika regleringar eller lagar som reglerar användningen av biobränslen i fastigheter?; Ja, olika jurisdiktioner kan ha specifika regler och lagar som styr användningen av biobränslen för att främja hållbarhet och säkerhet.;2024-02-29;Uppvärmning
Vilka åtgärder kan vidtas för att säkerställa en smidig övergång för hyresgästerna under installationsprocessen?; Kommunikation, information och planering är viktiga för att minimera störningar och skapa förståelse bland hyresgästerna.;2024-02-29;Uppvärmning
Hur påverkas inomhusluftkvaliteten av användningen av biobränsle jämfört med olja?;Biobränslen, om korrekt förbrända, kan generellt ha mindre negativ påverkan på inomhusluftkvaliteten jämfört med olja.;2024-02-29;Uppvärmning
Vilka energieffektivitetsåtgärder kan integreras i samband med installationen av biobränslepannan?;Energieffektivitetsåtgärder kan inkludera isolering, smarta termostater och andra tekniska innovationer för att optimera värmesystemet.;2024-02-29;Uppvärmning
Finns det tillgängliga alternativ för källsortering och återvinning av biobränslerelaterat avfall?;Ja, källsortering och återvinning av biobränslerelaterat avfall kan vara möjligt, beroende på det specifika biobränslet och lokala återvinningssystem.;2024-02-29;Uppvärmning
Hur påverkas arbetsmiljön under och efter installationen av en biobränslepanna?;Arbetsmiljön kan påverkas av installationsprocessen, och säkerhetsprotokoll bör följas för att minimera risker och påverkan.;2024-02-29;Uppvärmning
Vilka garantier och supporttjänster erbjuds av leverantören av biobränslepannan?;Leverantören bör erbjuda garantier för utrustningen och supporttjänster för att säkerställa dess effektivitet och driftsäkerhet.;2024-02-29;Uppvärmning
Finns det några planer på att utnyttja överskottsvärme från biobränslepannan för andra ändamål?;Överskottsvärme kan potentiellt användas för uppvärmning av vatten eller andra ändamål, beroende på fastighetens struktur och behov.;2024-02-29;Uppvärmning
Hur kan fastighetsägaren hantera potentiella konsekvenser av bränsleprisvariationer vid användning av biobränsle?;Fastighetsägaren kan överväga att använda långsiktiga kontrakt eller följa prisstabiliteten för det valda biobränslet för att minimera påverkan.;2024-02-29;Uppvärmning
Vilka åtgärder kan vidtas för att minska störningar för hyresgästerna under övergångsperioden?;Kommunikation, schemaläggning och möjligen tillfälliga alternativa uppvärmningslösningar kan minska störningar för hyresgästerna.;2024-02-29;Uppvärmning
Hur påverkas fastighetens energiprestanda betygsättning vid övergången till biobränsle?;Fastighetens energiprestanda kan förbättras, och en ny bedömning bör göras för att återspegla den förändrade energikällan.;2024-02-29;Uppvärmning
Finns det några långsiktiga planer för att ytterligare förbättra fastighetens hållbarhet efter att biobränslepannan har installerats?;Långsiktiga planer kan inkludera ytterligare hållbarhetsåtgärder som solpaneler eller energieffektivitetsförbättringar för att öka fastighetens hållbarhet.;2024-02-29;Uppvärmning
Finns det redan implementerade åtgärder för energieffektivisering i fastigheten?;Om det finns genomförda åtgärder, vilka är dessa och hur har de påverkat energieffektiviteten?;2024-02-29;Fastighetsel
Vilka typer av elanvändning är mest betydande i fastigheten?;Identifikation av huvudområden för elanvändning hjälper till att fokusera på prioriterade områden för effektivisering.;2024-02-29;Fastighetsel
Hur ser fastighetens nuvarande eldistributionssystem ut?;En översikt över eldistributionssystemet behövs för att bedöma effektiviteten och eventuella förbättringsmöjligheter.;2024-02-29;Fastighetsel
Har fastigheten övervägt att implementera smarta elnät och mätare?;Om det övervägts, hur skulle det påverka övervakningen och styrningen av elanvändningen?;2024-02-29;Fastighetsel
Finns det några åtgärder för att minska standby-strömförbrukningen i fastigheten?;Åtgärder som att implementera energieffektivare apparater och använda smarta kontakter kan minska standby-strömförbrukningen.;2024-02-29;Fastighetsel
Vilken typ av belysning används och finns det planer på övergång till energieffektiv belysning?;Utvärdering av belysningssystemet och överväganden om övergång till LED eller andra energieffektiva alternativ.;2024-02-29;Fastighetsel
Har fastigheten utfört en termografisk undersökning för att identifiera värmeförluster?;Termografiska undersökningar kan avslöja områden med dålig isolering eller andra värmeförluster.;2024-02-29;Fastighetsel
Hur regelbundet genomförs underhåll av elutrustning i fastigheten?;Reguljärt underhåll är viktigt för att säkerställa att utrustningen fungerar effektivt och undvika onödiga förluster.;2024-02-29;Fastighetsel
Har fastigheten övervägt att installera solpaneler eller annan förnybar energiteknik?;Solpaneler och annan förnybar energiteknik kan vara betydande för att minska beroendet av icke förnybara källor.;2024-02-29;Fastighetsel
Finns det möjligheter att implementera tidsinställda kontroller för elanvändning?;Tidsinställda kontroller kan hjälpa till att optimera användningen av el i fastigheten baserat på scheman och behov.;2024-02-29;Fastighetsel
Har fastigheten övervägt att använda energieffektivare apparater och utrustning?;Användning av moderna och energieffektiva apparater kan minska den totala energiförbrukningen.;2024-02-29;Fastighetsel
Är fastigheten ansluten till något energieffektivitetscertifieringsprogram?;Certifieringsprogram som LEED eller liknande kan hjälpa till att sätta tydliga mål och standarder för energieffektivitet.;2024-02-29;Fastighetsel
Finns det några energieffektivitetsprojekt som kan dra nytta av statliga eller regionala bidrag?;Att utvärdera tillgängliga bidrag och incitament kan påskynda genomförandet av energieffektivitetsprojekt.;2024-02-29;Fastighetsel
Vilka är de primära utmaningarna med energieffektivisering i fastigheten?;Identifiering av utmaningar är avgörande för att skapa strategier för att övervinna dem.;2024-02-29;Fastighetsel
Hur påverkas fastighetens energiprestanda av klimatförhållandena?;Att förstå sambandet mellan klimatförhållanden och energianvändning är viktigt för att optimera prestanda.;2024-02-29;Fastighetsel
Har fastigheten övervägt att använda energilagringslösningar för att jämna ut belastningen?;Energilagringslösningar kan bidra till att jämna ut belastningen och minska toppbelastningar.;2024-02-29;Fastighetsel
Hur påverkar fastighetens nuvarande elsystem hyresgästernas energianvändning?;Utvärdering av hur elanvändningen påverkar hyresgästerna kan öppna möjligheter till gemensamma besparingar och effektiviseringar.;2024-02-29;Fastighetsel
Finns det möjligheter att minska fastighetens beroende av externa elnät?;Alternativa energikällor och mikronätkoncept kan minska beroendet av externa elnät.;2024-02-29;Fastighetsel
Har det genomförts en energianalys för att identifiera specifika områden för förbättring?;En noggrann energianalys bör identifiera områden med störst potential för förbättringar.;2024-02-29;Fastighetsel
Vilka åtgärder har vidtagits för att förbättra isoleringen och därmed minska värme- och kyleffektbehovet?;Isoleringsåtgärder kan bidra till att minska energiförluster och förbättra fastighetens energieffektivitet.;2024-02-29;Fastighetsel
Har fastigheten övervägt att implementera en energihanteringsplattform för övervakning och styrning?;Energihanteringsplattformar kan ge realtidsdata och möjligheter till fjärrstyrning för optimal energianvändning.;2024-02-29;Fastighetsel
Vilka energibesparande teknologier har visat sig vara framgångsrika i liknande fastigheter?;Erfarenheter från liknande fastigheter kan ge insikter i framgångsrika teknologier och strategier.;2024-02-29;Fastighetsel
Hur involveras hyresgästerna i energieffektiviseringsinitiativ?;Att involvera och utbilda hyresgäster är avgörande för att skapa medvetenhet och samarbete kring energieffektivisering.;2024-02-29;Fastighetsel
Finns det några hinder för att implementera energieffektiviseringsåtgärder?;Identifiering av hinder är viktigt för att utveckla strategier för att övervinna dem och främja genomförandet.;2024-02-29;Fastighetsel
Har fastigheten övervägt att byta till energieffektiva värme- och kylsystem?;Överväganden om att uppgradera värme- och kylsystem för att minska energiförbrukningen.;2024-02-29;Fastighetsel
Vilka incitament eller fördelar erbjuds hyresgäster som antar energieffektiva beteenden?;Incitament för hyresgäster kan inkludera kostnadsbesparingar eller andra fördelar för att främja energieffektiva beteenden.;2024-02-29;Fastighetsel
Har det genomförts en livscykelanalys för fastighetens elsystem och utrustning?;Livscykelanalysen ger en övergripande bild av hållbarheten och effektiviteten över tid.;2024-02-29;Fastighetsel
Hur kan fastigheten dra nytta av digitalisering och IoT för att optimera elanvändningen?;Digitala teknologier som IoT kan användas för att samla in och analysera data för bättre övervakning och styrning av elanvändningen.;2024-02-29;Fastighetsel
Finns det ett övergripande mål för energieffektivisering i fastigheten och en strategi för att nå det?;Ett övergripande mål och en strategi för energieffektivisering är grundläggande för framgångsrikt genomförande av åtgärder.;2024-02-29;Fastighetsel
Hur kan fastigheten dra nytta av energieffektiviseringsåtgärder för att öka fastighetens värde?;Genom att genomföra energieffektiviseringsåtgärder kan fastigheten öka sitt övergripande värde genom att minska driftskostnader och förbättra hållbarhetsprofilen.;2024-02-29;Fastighetsel
Finns det möjligheter att integrera energieffektivisering i renoverings- eller uppgraderingsprojekt?;Ja, det finns möjligheter att integrera energieffektivisering i renoverings- eller uppgraderingsprojekt genom att implementera moderna teknologier och material som främjar energieffektivitet.;2024-02-29;Fastighetsel
Hur påverkar fastighetens energiprestanda av förändringar i byggnadens användning?;Förändringar i byggnadens användning kan påverka fastighetens energiprestanda genom att skapa nya krav på energianvändning och därmed påverka driftskostnaderna.;2024-02-29;Fastighetsel
Har fastigheten övervägt att implementera intelligent belysningsstyrning för att minska onödig användning?;Genom att implementera intelligent belysningsstyrning kan fastigheten minska onödig användning av el och därmed optimera energianvändningen.;2024-02-29;Fastighetsel
Vilka utbildnings- och informationsresurser finns tillgängliga för hyresgäster angående energieffektivitet?;Hyresgäster kan få tillgång till utbildnings- och informationsresurser om energieffektivitet genom workshops, informationsbroschyrer eller digitala plattformar.;2024-02-29;Fastighetsel
Hur kan fastigheten förbättra isoleringen för att minska värme- och kyleffektbehovet?;Isolering kan förbättras för att minska värme- och kyleffektbehovet, vilket kan leda till minskad energiförbrukning och lägre kostnader.;2024-02-29;Fastighetsel
Vilka incitament eller fördelar kan erbjudas hyresgäster för att anta energieffektiva beteenden?;Hyresgäster kan erbjudas incitament som lägre elkostnader, bonusar eller andra fördelar för att anta energieffektiva beteenden.;2024-02-29;Fastighetsel
Hur kan fastigheten övervaka och hantera energiförbrukningen under olika tider på dagen eller året?;Fastigheten kan övervaka och hantera energiförbrukningen genom att implementera avancerade övervakningssystem och smarta teknologier.;2024-02-29;Fastighetsel
Finns det möjligheter att implementera tidsbegränsade kampanjer för energibesparing bland hyresgäster?;Tidsbegränsade kampanjer för energibesparing bland hyresgäster kan implementeras för att främja medvetenhet och öka deltagandet.;2024-02-29;Fastighetsel
Har fastigheten övervägt att använda energieffektivitetsprogram för att mäta och rapportera energianvändningen?;Genom att använda energieffektivitetsprogram kan fastigheten mäta och rapportera energianvändningen för att följa upp och förbättra prestanda.;2024-02-29;Fastighetsel
Vilka synergier finns mellan energieffektiviseringsåtgärder och övriga hållbarhetsinitiativ?;Energieffektiviseringsåtgärder kan integreras med andra hållbarhetsinitiativ, vilket kan öka fastighetens övergripande hållbarhetsprofil.;2024-02-29;Fastighetsel
Hur kan fastigheten optimera värme- och kylsystemets drifttid för att minimera energiförbrukningen?;Genom att optimera värme- och kylsystemets drifttid kan fastigheten minimera energiförbrukningen och förbättra effektiviteten.;2024-02-29;Fastighetsel
Finns det möjligheter att implementera energieffektivitetslösningar som en del av fastighetens design och planering?;Energieffektivitetslösningar kan integreras i fastighetens design och planering för att säkerställa långsiktig effektivitet.;2024-02-29;Fastighetsel
Hur kan fastigheten minimera energiförbrukningen under perioder av lågt el pris och optimera under höga priser?;Fastigheten kan minimera energiförbrukningen under perioder av lågt elpris genom att anpassa användningen och optimera energiintensiva processer.;2024-02-29;Fastighetsel
Har fastigheten övervägt att implementera grön finansiering för energieffektiviseringsprojekt?;Implementering av grön finansiering kan vara ett sätt för fastigheten att finansiera energieffektiviseringsprojekt och samtidigt främja hållbarhet.;2024-02-29;Fastighetsel
Vilka energieffektiviseringsåtgärder kan integreras i fastighetens uppvärmnings- och kylsystem?;Energieffektiviseringsåtgärder kan integreras i uppvärmnings- och kylsystemet för att minska energiförbrukningen och förbättra prestandan.;2024-02-29;Fastighetsel
Hur påverkar fastighetens nuvarande energiprestanda fastighetens totala driftskostnader?;Fastighetens nuvarande energiprestanda kan påverka de totala driftskostnaderna genom att hög energiförbrukning kan leda till ökade kostnader.;2024-02-29;Fastighetsel
Finns det möjligheter att utnyttja dataanalys för att identifiera mönster och optimera energianvändningen?;Dataanalys kan användas för att identifiera mönster och optimera energianvändningen, vilket kan leda till mer effektiva energieffektiviseringsåtgärder.;2024-02-29;Fastighetsel
Hur kan fastigheten engagera sig i samhällsinitiativ för energieffektivitet och hållbarhet?;Fastigheten kan engagera sig i samhällsinitiativ för energieffektivitet och hållbarhet genom att delta i lokala projekt, samarbeta med organisationer och främja medvetenhet i samhället.;2024-02-29;Fastighetsel
Tror du att det gör något att vi går över till termostater utan pitotrör dvs till extern givare?;"Termostater med en extern givare har fördelar, som att de är lättare att installera och underhålla jämfört med de med inbyggda pitotrör. Detta kan minska installationskostnaden och göra framtida servicearbeten enklare eftersom det blir enklare att komma åt givaren vid eventuellt underhåll eller byte utan att behöva demontera hela termostaten. 
Samt de kan vara mer noggranna när det gäller att mäta och reglera temperaturen.
Å andra sidan kan dessa termostater vara dyrare vid inköp och kräver kunskap för korrekt installation och placering av givaren. Det behövs regelbundet underhåll och kalibrering för att säkerställa att termostaten fungerar korrekt.";2024-03-04;Uppvärmning
"Enkla tips på hur jag kan minska min energiförbrukning?
";"-Sänk inomhustemperaturen om möjligt.
-Spara på vattenanvändningen genom att exempelvis ta kortare duschar samt nyttja dusch- och kranmunstycken som är vattenbesparande. 
-Begränsa användningen av eldriven komfortvärme. 
-Använd diskmaskin om möjligt och vid handdisk använd diskho.
-Undvik torktumlare om möjligt, torka kläder utomhus under sommarhalvåret. 
-Stäng av lampor i tomma rum och använd LED-lampor.
-Se över temperatur på kylskåp samt frys, +4 grader i kylskåp och -18 grader i frys är bra att utgå från. Se även över instruktioner då exempelvis en felplacering kan innebära att mer energi dras. 
-Om du ska vädra så vädra hellre mycket under kort tid än lite under lång tid och om möjligt, stäng av termostater under denna tid. 
-Om det finns ett återkommande vädringsbehov bör ventilationen undersökas.
";2024-03-04;Uppvärmning
"Vilka värmepumpar finns det och när är de lämpliga?
Bergvärmepump
";"-Bergvärmepumpen hämtar värme från närliggande berggrung och kan användas för att värma upp rum i huset samt tappvatten. 
-Radiatorer i huset måste vara inklusive rör
-Det ska finnas borrmöjligheter i närliggande berg
-Fördelaktigt med relativt jämn bergtemperatur över året
-Det krävs tillstånd från kommun
-Lämplig för större hus med många boenden
";2024-03-04;Uppvärmning
Markvärmepump;"-Markvärmepump är en motsvarighet till bergvärmepump där bergtillgång saknas. -Markvärmepumpen hämtar värme från ytjorden och kan användas för att värma upp rum i huset samt tappvatten. 
-Raditorer i huset måste vara inklusive rör
-Det ska finnas tillgänglig mark att gräva i
-Krävs tillstånd av kommunen
-Lämplig för större hus med många boenden
";2024-03-04;Uppvärmning
Luft-vattenvärmepump ;"-Luft-vattenvärmepumpen hämtar värme från utomhusluften och kan användas för att värma upp rum i huset samt tappvatten. 
-Raditorer i huset måste vara inklusive rör 
-Pumpen ska kunnas placeras så den ej stör närliggande hushåll
-Det måste finnas möjlighet att leda bort avfrostningsvatten från utomhusdelen
-Lämplig i södra Sverige
";2024-03-04;Uppvärmning
Frånluftsvärmepump;"-Frånluftsvärmepumpen kan tillvarata värme från ett uppvärmt hus och den kan användas för att värma upp rum i huset samt tappvatten. Dock måste värmebehovet vara relativt likvärdigt under året. 
-Används av hus med mekanisk ventilation
-Fördelaktigt med jämnt inomhus temperatur över året
-Det kan finnas risk för att värmen inte täcker hela värmebehovet i huset
";2024-03-04;Uppvärmning
Luft-luftvärmepump;"-Luft- luftvärmepumpen hämtar värme från utomhusluften och kan enbart användas för att värma upp rum i huset. 
-Pumpen ska kunnas placeras så den ej stör närliggande hushåll
-Kan vara lämplig som ett komplement till direktverkande el. 
-Det måste finnas möjlighet att leda bort avfrostningsvatten från utomhusdelen
-Lämplig i södra Sverige.
";2024-03-04;Uppvärmning
Vad finns det för olika ventilationssystem?;"Självdragsventilation, kall luft d​ras in vid exempelvis fönster och sedan vandrar luften genom rummen och när den varma luften stiger släpps den ut ur huset genom luftkanaler i vägg, tak eller murstock.
Frånluftsventilation, fungerar på samma sätt som självdragsventilation, men genom att ha en fläkt i taket där den varma luften åker ut säkerställer man ett mer kontinuerligt luftflöde. I äldre ventilationssystem kan fläkten ha en remdriven motor, då kan det vara av intresse att byta ut till en direktdriven motor (EC-motorer).
FX-ventilation, är baserat på samma system som frånluftsventilation men återvinner värmen från luften som släpps ut. Värmeväxlare används för att återvinna värme från luften som släpps ut och använder värmen till att exempelvis värma luften som släpps in i huset eller tar in värmen i en pump som värmer till exempel tappvarmvatten.
FTX-ventilation, samma återvinningssystem som FX-ventilation men där T står för tilluft vilket innebär att detta system låter en kontrollera både frånluften och tilluften. Mängden luft som kommer in och vart luften kommer in går att kontrollera med FTX-ventilation. Det finns olika typer av FTX-ventilationssystem där vissa av de kan exempelvis anpassa till- och frånluften beroende på hur många som befinner sig i lokalen.";2024-03-04;Ventilation
Hur kan man förbättra inomhusluft kvaliteten?;"-Gör regelbundna luftkvalitetskontroller för att se om det behöver göras några ändringar om det inte uppfyller rekommendationerna och riktlinjerna
-Se till att ventilationssystemet fungerar effektivt för att ha regelbunden ventilation samt luftcirkulation
-Regelbundet underhåll av ventilationssystem är viktigt för att det ska fungera effektivt och inte förorena lokalerna
-Kontrollera luftfuktigheten i lokalerna
-Rena luften med luftrenare";2024-03-04;Ventilation
Vilka lampor bör jag byta ut?;T5-lysrör, T8-lysrör och kompaktlysrör håller gradvis på att fasas ut då de innehåller kvicksilver och bör därmed bytas ut. Här kan du läsa mer om vilka fler lysrör som ​har fasats ut eller kommer att fasas ut.;2024-03-04;Belysning
Vilken styrning ska jag välja?;"Beroende på om det gäller privatpersoner, företag eller organisationer kan rekommendationer variera.

Rörelsedetektorer/närvarostyrning, denna styrning kan vanligtvis känna av större rörelse i mindre lokaler och är lämplig i utrymmen som källare, entréer, trapphus, hall och trappuppgångar.
Timerstyrning, denna möjlighet hjälper till att tidsbegränsa och tidsbestämma belysning, det är dock viktigt att välja en timer som drar mindre el.
Dimmerstyrning, denna styrning är bra att använda då full belysning ej krävs, om denna funktion alltid används bör dock en svagare lampa användas.
Kombinerad närvarogivare och ljussensor, denna styrning gör att lampor tänds vid närvaro samt då det är dagsljus. Styrningen är lämplig att användas till garageuppfarter och förråd med fönster.
Smart styrning av LED-lampor, denna styrning gör det möjligt att styra lampan via exempelvis fjärrkontroll eller en applikation i telefonen. Lampan kan bland annat dimmas, följa olika ljusteman, släckas/tändas automatiskt eller via närvarosensor. Det är dock viktigt att känna till att lampor som stängs av via smart styrning hamnar i standby-läge. Här kan du läsa mer om styrning av smarta LED-lampor. ";2024-03-04;Belysning
Hur räknas den genomsnittliga värmegenomgångskoefficienten, Um​​ ut?;"För att kunna räkna ut den genomsnittliga värmegenomgångskoefficienten​ behövs följande data.

Varje byggdels U-värde
Varje byggdels area
Byggnadens omslutande area
Summan av byggnadens köldbryggor​, dessa delas vanligtvis in i tre delar, 
köldbryggor i klimatskärmen
linjära köldbryggor 
punktformiga köldbryggor​
Börja med att multiplicera byggdelens U-värde med byggdelens area. Därefter ska framräknat värde för byggdelarna summeras med summan av byggnadens köldbryggor. Dividera slutligen summan med byggnadens omslutande area för att få fram Um. ";2024-03-04;Ytterväggar
Vad är viktigt att tänka på vid tilläggsisolering av ytterväggar?;"Att utföra en tilläggsisolering av ytterväggar som enskild åtgärd är ej lönsamt och bör därmed göras i samband med en fasadrenovering.
För att undvika fukt samt minska köldbryggor i konstruktionen brukar tilläggsisoleringen utföras utvändigt. Om det inte är möjligt att tilläggsisolera utvändigt, exempelvis om huset är kulturmärkt, kan det göras invändigt, dock är detta riskfyllt.​";2024-03-04;Ytterväggar
Vad är viktigt att tänka på vid tilläggsisolering av vind?;"​Tilläggsisolering av vind​
För att utföra tilläggsisolering av en vind på ett korrekt och noggrant sett har Energimyndigheten utformat en guide i 3 steg som du hittar här.​
Välj isoleringsmaterial med god isoleringsförmåga. 
För att undvika fukt bör du även se till att ha en välfungerande ventilation då tilläggsisolering av en vind medför sjunkande temperatur vilken kan göra att det bildas kondens. För att förebygga att fuktig luft tar sig upp på vinden kan man exempelvis isolera eventuella genomföringar samt använda tätningslister runt luckor och dörrar som går till vinden.";2024-03-04;Vind och tak
Vad är viktigt att tänka på vid tilläggsisolering av tak?;"Tilläggsisolering av yttertak
Att utföra tilläggsisolering av yttertak är vanligtvis lönsamt om det görs samtidigt som en annan takrenovering. 
Före utförandet bör det kontrolleras om det finns fuktskador i takkonstruktionen, om det finns bör orsak hittas samt åtgärdas. 
Välj isolermaterial med god isoleringsförmåga.
Utför åtgärderna under årets varmare perioder.
Vanligtvis bör ventilering av vinden minskas för att få bästa möjliga effekt av takisoleringen.";2024-03-04;Vind och tak
Vad är viktigt att tänka på vid tilläggsisolering av golv?;"​Om golvvärme ska installeras bör man tilläggsisolera med avsikt att inte öka energianvändningen. Detta gäller framför allt om det rör sig om markvåning, och bör göras för samtliga typer av grundtyper.  
För att undvika fukt bör en dränerings- och isolerings metod som passar husets grundläggning användas.
Utvändig tilläggsisolering fungerar generellt sett bäst.
Välj isoleringsmaterial med god isoleringsförmåga.";2024-03-04;Golv
Vad är viktigt att tänka på vid tilläggsisolering av krypgrund​?;"​​​För att undvika fukt samt kondens bör man dränera samt täta mot markfukt.
Tilläggsisolera kryprumsväggar samt markytan i kryputrymmet.
Välj isoleringsmaterial med god isoleringsförmåga.​";2024-03-04;Golv
Vilka åtgärder finns det för att förbättra fönster/dörrar?;"Undersök tätningslister och byt ut dessa vid behov
Använd draperi för dörren och fäll ner persienner under natten
renovering av fönster
bra alternativ för hus med exempelvis ett kulturhistoriskt värde
bra alternati​v för fönster med ett bra skick på karm och båge​
Byt ut fönster som är i dåligt skick";2024-03-04;Fönster
Vad ska jag tänka på gällande U-värden för fönster/dörrar?;U-värdet redovisar för hur väl ett material isolerar och därmed eftersträvas ett så lågt U-värde som möjligt. Exempelvis har ett två-glas fönster ett U-värde runt 3, 3-glas fönster har ett U-värde runt 2 medan ett energieffektivt fönster har ett U-värde på max 1. För att få ett bättre U-värde är alternativen att renovera eller byta ut fönstren.;2024-03-04;Fönster
Behövs det bygglov vid byte av fönster/dörrar? ;"Det är viktigt att läsa på om det specifika fallet då det finns en rad undantag gällande bygglov för fönster/dörrar. Generellt sett, om ett område har en detaljplanering krävs det vanligtvis bygglov om byte av fönster/dörrar påverkar fasadens utseende. Här kan du läsa mer om undantag gällande bygglov.​



Områden som inte har en detaljplan behöver vanligtvis inte bygglov vid förändringar som påverkar fasadens utseende. Det kan dock finnas områdelsebestämmelser som påverkar detta, dessa bestämmelser kan innehålla bland annat bygglovsplikt. Vidare kan det på grund av historiska, kulturhistoriska, konstnärliga eller miljömässiga synpunkter ha införts bygglovsplikt för underhåll eller ändring i bebyggelseområden eller byggnadsvärk.";2024-03-04;Fönster
Vad är fördelarna med att ha solceller?;"Egenproducerad el reducerar mängden el man köper från elnätet och därav minskar ens fasta elkostnader.
Intäkter genom att sälja all el eller överskottet till elnätet
Lagra elen i ett batteri vilket har flertalet användningsområden, läs mer om detta här​
Bidra till ett mer hållbart samhälle
Solceller kan öka fastigheters värde";2024-03-04;Solcell
Vad kan man behöva veta om man funderar på att investera i solceller?;"Dimensionera solcellsanvändningen efter hur mycket el du behöver när elanvändningen är som högst. Det kan man utläsa av elräkningen.
En rimlig beräkning av återbetalningstiden är cirka 10-15 år.
​Livslängden på solceller beräknas vara cirka 30 år​
Bygglov kan krävas vid installation av solceller. Det finns flera olika faktorer som väger in i när man behöver ansöka om bygglov. Läs mer på Boverkets hemsida (länkat nedan).
Det finns tre olika solcellstyper på marknaden idag med skillnader i exempelvis böjbarhet, pris och verkningsgrad. Vilken typ av solcellspaneler man bör ha är olika beroende på byggnadens förutsättningar.";2024-03-04;Solcell
Vad gäller kring underhåll och garantier?;"Det finns oftast flera typer av garantier när det kommer till solceller, bland annat är det vanligt med produktgaranti, installationsgaranti och effektgaranti. Hur länge garantierna gäller kan variera men är relativt likt mellan leverantörer
Solceller kräver inte så mycket underhåll av solceller, rekommenderat är att se över verkningsgraden och installationen en gång per år, med fördel på våren innan första solen.
Växelriktare kan behövas byta ut någon gånger under solcellernas livstid";2024-03-04;Solcell
Behöver jag tillstånd/bygglov för att installera solvärme?;"Om tillstånd och-/eller bygglov krävs kan variera beroende på en rad olika faktorer vilket gör det än mer viktigt att undersöka det enskilda fallet noga före man installerar en solvärmeanläggning. ​

Följande gäller för solfångare på byggnader: 
​Bygglov kan behövas om byggnaden ligger inom ett detaljplanerat område, detta gäller exempelvis om byggnadens yttre utseende påverkas nämnvärt. Det finns dock en del undantag som du kan du läsa mer om här.​​
Vanligtvis krävs inte bygglov utanför detaljplanerat område, dock kan det förekomma områdelsebestämmelser som påverkar detta. Bygglov kan bland annat krävas om en byggnads yttre utseende påverkas nämnvärt eller om det omfattar justering eller underhåller av en byggnad eller ett bebyggelseområde som exempelvis har ett historiskt eller miljömässigt värde. 
För byggnader som ej omfattas av detaljplanerat område samt områdelsebestämmelser krävs ej bygglov.";2024-03-04;Solfångare
Har man rätt att klaga på en bygglovsbefriad solcellsanläggning?;"Om man exempelvis är missnöjd med en anläggnings placering eller utformning kan man göra en så kallad tillsynsanmälan till byggnadsnämnden. Då detta görs påbörjar byggnadsnämnden ett ärende för att reda ut om åtgärden går emot plan- och bygglagen (PBL), plan- och byggförordningen (PBF), Boverkets byggregler (BBR) eller Europeiska konstruktionsstandarder (EKS). Här kan du läsa mer om hur en så kallad bygglovsbefriad tillsyn går till och vad som händer om åtgärden inte uppfyller kraven. 

En del åtgärder kräver att man gör en anmälan till byggnadsnämnen och därmed behöver man ett startbesked före byggnationen drar igång. Här kan du läsa mer ​om vad som händer om man exempelvis nekats ett startbesked eller om en granne överklagat ett startbesked.";2024-03-04;Solfångare
Vart går gränsen för normalladdning och snabbladdning?;"Normalladdning <22 kW och Snabbladdning   >22 kW";2024-03-04;Ladda elbil
Finns det bidrag/stöd att söka?;"​Ja, det finns olika bidrag/stöd.

""​Ladda bilen"" kan enbart sökas av bostadsrättföreningar, företag samt organisationer med avsikt att erbjuda laddning för boenden eller anställda. Bidraget innefattar kostnader som arbete, material, grävning, installation och dylikt. Bidraget täcker upp till 50% av kostnaden, dock får kostnaden för en laddpunkt ej överskrida 15 000kr. ";2024-03-04;Ladda elbil
Vad är lastbalansering?;Lastbalansering innebär en minskning eller utjämning av effektbehovet. Antingen styrs effekten som laddutrustningen ger fordonet eller så styrs effekten på andra elförbrukare i fastigheten. ;2024-03-04;Ladda elbil
Energieffektivisering;​​​​​​Ett av Sveriges energi- och klimatmål är att uppnå 50% effektivare energianvändning år 2030 jämför med nivån för 2005. Då bostäder och lokaler år 2023 stod för cirka en tredjedel av Sveriges slutliga energianvändning är det viktigt att det sker en minskning av energianvändningen inom sektorn. Detta kan ske genom exempelvis tekniska åtgärder, användning av styrsystem samt förändringar i beteendet.;2024-03-04;Lag och krav
När behövs en energideklaration?;"En energideklaration har en giltighetstid på tio år och bör därmed förnyas efter denna period. Utöver detta bör följande byggnader kunna uppvisa en giltig energideklaration.

Byggnader som har en golvarea över 250​ kvadratmeter och med återkommande besök av allmänheten.
Byggnader som ska säljas, gäller även fritidshus och egnahem (villa/radhus).
Fritidshus eller egnahem som ska hyras ut.
Byggnader som upplåts med nyttjanderätt, detta kan exempelvis vara bostäder och lokaler med hyresrätt, bostadsrätt, arrende och lån av fast egendom.
Nybyggnationer, dock varierar det när i tiden energideklarationen måste uppvisas.​​
Byggnader som är större än 250 kvadratmeter och är för allmänheten och nyttjanderätter kräver en giltig energideklaration när byggnaden börjar att användas.
Mindre byggnader för allmänheten samt egnahem behöver en giltig energideklaration inom två år.";2024-03-04;Energideklaration
Hur räknar man ut primärenergital?;Multiplicera byggnadens energianvändning med en viktningsfaktor. Viktningsfaktorn varierar beroende på vilken/vilka energibärare som används, exempelvis har el viktningsfaktor 1,8 och fjärrvärme viktningsfaktorn 0,7. För att primärenergitalet ska vara detsamma för alla byggnader och därmed kunna jämföras ska uppvärmningsenergin divideras med en geografisk viktningsfaktor. Slutligen ska framtaget resultat divideras med byggnadens area för att få fram Atemp.;2024-03-04;Energideklaration
Vad innebär energiklasserna?;"Energiklasserna, A-G, utgår från rådande krav på energianvändning som ställs på nybyggnationer idag. Kraven beror av typ av byggnad, om den är elvärmd eller inte, samt geografisk placering.

A  energiprestandan är ≤ 50 procent av kravet för nybyggnation.
B  energiprestanda är > 50 - ≤ 75 procent av kravet för nybyggnation.
C  energiprestanda är > 75 - ≤ 100 procent kravet för nybyggnation.
D  energiprestanda är > 100 - ≤ 135 procent av kravet för nybyggnation.
E  energiprestanda är > 135 - ≤ 180 procent av kravet för nybyggnation.
F  energiprestanda är > 180 - ≤ 235 procent av kravet för nybyggnation.
G  energiprestanda är > 235 procent av kravet för nybyggnation.";2024-03-04;Energideklaration
Vad är skillnaden mellan elnätsavtal och elhandelsavtal?;"Elnätsavtal tecknas med det elnätsföretag som äger elnätet i det specifika området. I Sverige har elnätsföretagen monopol och man kan därmed inte själv välja vilket elnätsföretag som ska transportera elen hem till sig. Här kan man se vilket elnätsföretag som äger vilket elnätsområde. 
Elhandelsavtal tecknas med valfritt elhandelsföretag och i Sverige finns det cirka 140 olika företag att välja mellan. I detta avtal köper konsumenten eller företaget den el som de förbrukar, det är dock viktigt att faktiskt göra ett val då elnätsföretaget annars väljer elhandelsföretag vilket vanligtvis blir dyrare. ";2024-03-04;Avtal el
Vad finns det för olika avtalstyper vid val av elhandelsavtal?;"Fast pris
Detta avtal har samma pris för hela den bindande perioden, dock varierar beloppet efter elanvändning. Det är dock viktigt att se över hur elpriset utvecklas för att undvika att vara bunden till ett dyrt avtal under en längre tid. Det är inte alltid detta avtal erbjuds då det i vissa perioder kan vara svårt för elhandelsföretaget att förutspå inköpspriset.
Rörligt pris, månadsbaserat
Man betalar elbörsens genomsnittliga pris per kilowattimme för föregående månad. Det tillkommer även ett påslag från elhandelsföretaget samt moms.
Det finns två olika rörliga avtal, löpande avtal och tidsbestämt avtal. Ett löpande avtal kan sägas upp efter bindningstidens slut medan ett tidsbestämt avtal innebär att man måste ha samma elhandelsföretag under den tid som avtalet gäller. Maximal bindningstid för ett rörligt pris är 3 månader. 
Timpris
Man betalar elbörsens faktiska kostnad per timme samt påslag från elhandelsföretaget samt moms. 
Fördelaktigt med detta avtal är att elanvändningen kan styras till de timmar då elen är billigare och därmed även avlasta elsystemet då trycket är som störst. I de flesta fall är även påslaget från elhandlaren mindre då de inte behöver ta höjd för risken att elpriser stiger.
Prisinformation kan hittas via webbtjänst eller applikation samt på Nord Pools hemsida som du hittar här.
Mixavtal
En del av elen betalas till ett fast pris medan resterande del betalas till ett månadsbaserat rörligt pris. Vanligen finns det möjlighet att omvandla den rörliga delen av avtalet till ett fast pris.
Anvisat pris
Detta avtal infaller i de fall som du själv inte väljer elavtal och då får du ett avtal hos ett elhandelsföretag vilket vanligtvis är betydligt högre.";2024-03-04;Avtal el
Vad innebär effekttariff?;Kortfattat motsvarar detta en avgift för den el som förbrukas per timme. Det blir alltså dyrare då mycket el används samtidigt och från 1 januari 2027 kommer det finnas krav att samtliga elhandelsföretag tar en sådan avgift. ;2024-03-04;Avtal el
Bidragsmöjligheter;"​I Sverige finns det i dagsläget ett flertal bidragsmöjligheter inom energiområdet som lämpar sig för olika målgrupper. 



På Energimyndighet​ens hemsida kan du läsa mer om vilka bidrag som Energimyndigheten är med och finansierar. Det finns även information om vilka bidrag som andra aktörer erbjuder stöd inom samt vilka bidrag som erbjuds från EU. Här återfinns information om samtliga bidrag samt en grundläggande beskrivning av vad dessa innefattar. Länk:  https://www.energimyndigheten.se/om-oss/stod-och-bidrag-att-soka-pa-energiomradet/";2024-03-04;Bidrag
Är det något annat som du anser vi bör tänka på vid valet av företag?;"Jag rekommenderar att ni kontaktar fler företag för att få flera offerter för att kunna göra en jämförelse mellan dem. Via länken till Energieffektiviseringsföretagen kan ni hitta företag som kan hjälpa er med energitjänster. Energieffektiviseringsföretagen (Eneff) samlar leverantörer och beställare av energitjänster och produkter.
https://eneff.se/vad-gor-eneff/hitta-foretag/";2024-03-04;Offert
vad är pellets?;Pellets är gjorda av sågspån och andra restprodukter från sågindustrin och är ett prisvärt och miljövänligt alternativ som biobränsle. För att kunna elda med pellets behövs en panna eller kamin som är kompatibel med pelletsbränsle.;2024-03-04;Biobränslen
Vad finns det för användningsområden och fördelar med pellets?;"Kan användas för uppvärmning av byggnader samt för att värma vatten till kranar och duschar.
Kan användas för att generera värme i olika industriella processer.
Pellets är både kostnadseffektivt och prisstabilt.
Det finns flera olika sätt att byta från exempelvis olja som bränsle till pelletsbränsle.";2024-03-04;Biobränslen
Hur ska man förvara pellets?;"Skyddat från exempelvis regn, snö, fåglar med mera. Det rekommenderas att förvara pellets i ett förråd eller liknande.
Utrymmet man förvarar pellets i ska vara torrt med låg luftfuktighet för att bevara kvaliteten
Förvaringsplatsen ska även ha god ventilation";2024-03-04;Biobränslen
Hur ska man förvara pellets?;"Skyddat från exempelvis regn, snö, fåglar med mera. Det rekommenderas att förvara pellets i ett förråd eller liknande.
Utrymmet man förvarar pellets i ska vara torrt med låg luftfuktighet för att bevara kvaliteten
Förvaringsplatsen ska även ha god ventilation";2024-03-04;Biobränslen
​Hur kan man förbättra användningen av pelletspannor? ;"Vid installering av en ackumulatortank (som kan lagra värme) kan utsläppen minskas ytterligare då man inte behöver elda lika ofta.
Under sommarhalvåret kan en pelletspanna kompletteras med en solfångare som kan värma vattnet till kranar och duschar.";2024-03-04;Biobränslen
mer information kring förbättring av användningen av pelletspannor.;"Innegivare
​Innegivare ger signal om det är för varmt eller kallt inomhus och beroende på värmekälla finns givaren antingen som trådburen eller via wifi. Med innegivaren ställer man in en temperatur där brännaren ska gå igång samt en temperatur då den ska slås av. 
Fördel: En innegivare gör stor skillnad under vår och höst när det är snabba temperaturförändringar samt att den jämnar ut temperaturskillnader när det blåser. Payback tiden för en innegivare är vanligtvis relativt kort.
Motdragslucka
​Motdragslucka, även kallad för dragregulator, motsvarar en anordning om monteras mellan värmepumpen och skorstenen. 
Funktion: Motdragsluckan säkerställer att skorstenen alltid har ett konstant drag. Den hindrar även glöd och gnistor från att färdas upp i skorstenen under kalla eller blåsiga förhållanden. 
Användning: Motdragsluckan är särskilt användbar för självdragspannor och pelletspannor och de kan med fördel användas till värmepannor med en effekt upp till 50 kW och skorstenen bör inte vara högre än 9 meter. 
Fördelar: Motdragsluckan sparar bränsle genom att den kontrollerar draget och därmed minskar bränsleförbrukningen. Den motverkar även kondens då den förhindrar kondensbildning i skorstenen och sänker den rökgastemperaturen vilket minskar risken för soteld. 
​Rökgastermometer
​En rökgastermometer hjälper egentligen inte till med själva förbränningen utan är en användbar anordning s​om mäter temperaturen i rökgaskanalen, särskilt för vedpannor och pelletspannor. 
Funktion: Genom att övervaka temperaturen kan förbränningen optimeras och risken för överhettning eller kondensbildning i skorstenen minskas. 
Montering: Den monteras vanligtvis i rökröret som finns efter värmepannan. 
Fördel: Genom att ha en korrekt rökgastemperatur kan tillförseln och bränsleflödet justeras för att uppnå bästa möjliga förbränningseffekt.";2024-03-04;Biobränslen
vad menas med Styr- och reglerteknik?;​​​​​​​Styr- och reglerteknik inom fastighetssektorn är ett viktigt verktyg för att kunna optimera energiförbrukningen, minska driftkostnader samt upprätthålla en behaglig inomhustemperatur. Dessa tekniker kan appliceras på flera olika tekniska system, som exempelvis ventilationssystem, värmesystem och kylsystem.;2024-03-04;Styr och reglering
Hur kan jag utöka ett styrsystem?;"Genom behovsstyrning av tekniska system kan energianvändningen optimeras och därmed nyttjas enbart den energi som det faktiskt finns behov för. Exempelvis kan ett ventilationssystem styras efter tid, temperatur eller koldioxidhalt. Även värme- och kylsystem kan styras efter behov då lägre krav kan ställas efter arbetstid samt i de rum som används mer sällan.
Genom att ansluta samtliga av fastighetens tekniska system till ett och samma styrsystem kan man säkerställa att systemen inte motverkar varandra.
För ett vattenburet värmesystem finns det ett flertal olika alternativ för styrning och på så sätt kan onödig användning av värme minskas, exempelvis genom, 
​Närvarogivare, därmed värms inte rummet upp när det är tomt. 
Radiatortermostat, detta kan användas för att ställa in lämplig nivå så att termostaten reglerar efter en bestämd temperatur. Funktion bör kontrolleras på befintliga termostater.
Utomhusgivare samt enklare effektkurvor, detta kan användas för att justera invändig temperatur genom en värmepanna.  
Innetemperaturgivare, hjälper värmesystemet att styra mot önskad innetemperatur. ";2024-03-04;Styr och reglering
Finns det något krav gällande styr- och reglersystem för fastigheter?;"Från den 1 januari 2025 kommer krav gällande fastighetsautomation och fastighetsstyrning att träda i kraft. Enligt detta krav ska både befintliga och nya byggnader (ej bostäder) ha ett system för fastighetsautomation och fastighetsstyrning. Följande byggnader omfattas av detta krav,

Byggnader med ett uppvärmningssystem alternativt ett kombinerat rumsuppvärmningssystem samt ventilationssystem med en nominell effekt som överstiger 290 kW.
Byggnader med ett luftkonditioneringssystem eller ett kombinerat luftkonditioneringssystem och ventilationssystem med en nominell effekt som överstiger 290 kW.";2024-03-04;Styr och reglering
Vad innebär det att injustera ett värmesystem?;Att injustera ett värmesystem innebär att säkerställa att systemet producerar lagom mycket värme och fördelar den på rätt ställen i byggnaden.;2024-03-04;Styr och reglering
Vilken roll spelar ventiler i injusteringen av ett vattenburet system?;Ventilerna i ett vattenburet system, såsom de på radiatorer, kylbafflar eller ledningar, justeras under injusteringen för att säkerställa att alla slingor har rätt tryckfall.;2024-03-04;Styr och reglering
Hur påverkar en lyckad injustering byggnadens medeltemperatur?;En lyckad injustering resulterar i att byggnadens medeltemperatur sänks, vilket bidrar till en jämnare och mer effektiv värmefördelning.;2024-03-04;Styr och reglering
Varför är det viktigt att genomföra en injustering när användningen av en byggnad förändras?;Det är viktigt att genomföra en injustering när användningen av en byggnad förändras eftersom möblering och ändrade värmebehov kan påverka systemets prestanda.;2024-03-04;Styr och reglering
På vilka sätt kan byggnadens behov av värme förändras över tiden?;Byggnadens behov av värme kan förändras över tiden på grund av omstruktureringar, möblering och förändrad användning av olika utrymmen.;2024-03-04;Styr och reglering
Varför kan injustering behöva göras efter större ombyggnader eller när klimatskalet åtgärdas?;En injustering kan behövas efter större ombyggnader, särskilt om klimatskalet förbättras, eller när verksamheten i byggnaden förändras för att anpassa systemet till nya förhållanden.;2024-03-04;Styr och reglering
"Vad menas med att injusteringen är en ""färskvara"" och behöver upprepas regelbundet?";"""Färskvara"" betyder att injusteringen behöver upprepas regelbundet för att hålla systemet effektivt och anpassat till förändringar i byggnaden.";2024-03-04;Styr och reglering
Vilken rekommenderad tidsram föreslås för att upprepa injusteringen enligt texten?;En bra tumregel är att göra om injusteringen ungefär vart tionde år för att säkerställa att systemet fortsätter att fungera optimalt.;2024-03-04;Styr och reglering
Hur påverkar ett dåligt injusterat värmesystem olika områden i en byggnad enligt bilden?;I ett hus med rätt injusterat värmesystem (högra delen av bilden) har alla rum samma möjlighet att få värme. Ett dåligt injusterat system (vänstra delen av bilden) kan resultera i områden som är för varma och för kalla.;2024-03-04;Styr och reglering
Vad kan hända om ventiler slits över tiden utan att injustering utförs regelbundet?;Om ventiler i systemet slits över tiden utan regelbunden injustering kan det leda till ojämn värmefördelning, ineffektivitet och ökad energiförbrukning. Det kan också resultera i obehagliga temperaturvariationer i olika delar av byggnaden.;2024-03-04;Styr och reglering
Vad är huvudsyftet med termostatsventiler på radiatorer?;Huvudsyftet med termostatsventiler på radiatorer är att reglera och kontrollera temperaturen i ett rum genom att justera mängden varmt vatten som flödar genom radiatorn.;2024-03-04;Styr och reglering
Hur fungerar en termostatsventil och vad är dess grundläggande mekanism?;En termostatsventil fungerar genom att reagera på temperaturen i rummet och justera öppningen av ventilens spjäll för att kontrollera värmetillförseln.;2024-03-04;Styr och reglering
Vilken roll spelar termostatsventilen i att reglera temperaturen i ett rum?;Termostatsventilen spelar en central roll i att upprätthålla en konstant och bekväm inomhustemperatur genom att anpassa värmezonen baserat på rummets aktuella behov.;2024-03-04;Styr och reglering
Varför är det viktigt att korrekt justera termostatsventilen på en radiator?;Det är viktigt att korrekt justera termostatsventilen för att undvika överuppvärmning eller underuppvärmning av rummet, vilket kan leda till både energiförluster och minskad komfort.;2024-03-04;Styr och reglering
Vilka fördelar finns det med att använda termostatsventiler i värmesystemet?;Fördelarna med termostatsventiler inkluderar möjligheten att individuellt styra temperaturen i olika rum, vilket leder till energibesparingar och en mer anpassningsbar inomhusmiljö.;2024-03-04;Styr och reglering
Hur kan termostatsventiler bidra till energieffektivitet i en byggnad?;Termostatsventiler bidrar till energieffektivitet genom att förhindra överdriven värmeproduktion och minska energiförbrukningen när rummet är tillräckligt uppvärmt.;2024-03-04;Styr och reglering
Vad händer om termostatsventilen inte fungerar korrekt eller är felaktigt inställd?;Om termostatsventilen inte fungerar korrekt eller är felaktigt inställd kan det resultera i otillfredsställande temperaturreglering, högre energikostnader och minskad användarkomfort.;2024-03-04;Styr och reglering
Finns det olika typer av termostatsventiler, och i så fall, vad är skillnaderna mellan dem?;Det finns olika typer av termostatsventiler, inklusive mekaniska och elektroniska varianter. Mekaniska termostatsventiler justerar temperaturen manuellt medan elektroniska kan vara programmerbara och fjärrstyrda.;2024-03-04;Styr och reglering
Vilka faktorer bör beaktas vid valet och installationen av termostatsventiler?;Vid valet och installationen av termostatsventiler bör faktorer som byggnadens struktur, individuella rumbehov och önskemål om energieffektivitet beaktas.;2024-03-04;Styr och reglering
Hur kan användningen av termostatsventiler på radiatorer bidra till en mer bekväm och anpassningsbar inomhusmiljö?;Användningen av termostatsventiler på radiatorer bidrar till en bekvämare inomhusmiljö genom att möjliggöra individuell temperaturkontroll i varje rum och därigenom skapa en mer anpassningsbar och energieffektiv uppvärmningslösning.;2024-03-04;Styr och reglering
På vilka sätt kan man ladda batteriet?;"Ladda batteriet när elpriset är lågt. De flesta batterier kan programmeras så att det laddar när elpriset är som lägst under en dag, exempelvis på natten när de flesta sover och därav inte använder så mycket el.
Öka egenanvändningen av solel genom att lagra överskottet i batteriet";2024-03-04;Energilagring
Vad är de främsta användningsområdena av batterilagring? ;"Kapa effekttoppar. Vid högt belastade tidpunkter då elen används som mest, t.ex. på morgonen innan jobbet, går elpriserna upp på elnätet. Genom att använda den lagrade elen i batteriet istället fö​r att köpa från elnätet kan man sänka sina fasta kostnader, speciellt om man laddar batteriet under tidpunkter där elpriset är lågt. 
Sälja stödtjänster till Svenska Kraftnät. Eftersom det idag används mycket förnybar energi kan det under vissa perioder produceras en mindre mängd el, till exempel vindkraftverk när det är lite vind. Under högt belastade tidpunkter i elnätet kan det därav uppstå ett underskott av el. Svenska Kraftnät köper in stödtjänster vilket innebär att man med sitt batteri kan hjälpa till att balansera elmarknaden och få ersättning. 
Tillgängliggöra effekt - Sänka huvudsäkringen eller ta ut mer effekt med samma huvudsäkring. 
Reservkraft vid strömavbrott 
Lagra solel​  ";2024-03-04;Energilagring
Vad är bra att tänka på innan man investerar i batterier?;"Ett första steg om man funderar på att köpa batterier är att kolla över sin elförbrukning samt göra en analys av hur stort batterilager man behöver. Det är bra att rådgöra med en energikonsult som kan hjälpa till med exempelvis analyser. 
Bestämma vad man har för syfte med batteriet, vilka användningsområden är man ute efter? För att utnyttja batteriet så mycket som möjligt kan man se om det går att kombinera flera användningsområden. 
Batterier har hög spänning vilket betyder att de lätt blir väldigt varma och kan därför vara en brandrisk om de inte installeras korrekt. Det är viktigt att batteriet finns i ett utrymme som följer bygg- och brandregler och lätt kan ventileras ut. Läs mer om vad som gäller kring säkerhet och installation i länken nedan. ";2024-03-04;Energilagring
Vilka begränsningar finns det i dagsläget med energilagring av vätgas?;"​Vätgas behöver pressas ihop under ett högt tryck vilket innebär att en del energi går förlorad. Tankar som klarar högre tryck är förhållandevis dyra.
Det ställs höga och dyra krav på val av material då trycksatt vätgas har en benägenhet att skapa försprödning av flertalet metaller.
I dagsläget produceras majoriteten av all vätgas ur fossila bränslen.";2024-03-04;Energilagring
Hur tillverkas fossilfri vätgas?;Tillverkning av vätgas sker genom så kallad elektrolys. Det innebär i sin tur att vatten (H2O) delas till vätgas (H2) och syre (O) genom användning av el. Att vätgasen är fossilfri innebär att den använda elen kommer från förnybara källor. ;2024-03-04;Energilagring
Vad innebär individuell mätning och debitering av el?;All el i byggnaden köps in gemensamt via föreningens fastighetsabonnemang i stället för att varje boende har privata el abonnemang​. Nya elmätare installeras i varje lägenhet och sedan debiteras det efter den individuella förbrukningen.;2024-03-04;IMD
Vad är fördelarna med individuell mätning och debitering av el?;"Minska de fasta abonnemangskostnaderna samt att föreningen kan förhandla elpriser på ett större plan
Ger möjlighet för varje lägenhetsinnehavare att följa upp sin egen elanvändning och för föreningen att följa upp elanvändningen i hela fastigheten. Detta leder till att man uppmärksammas på sin elanvändning och kan därav se över vad man kan göra för att hålla ner förbrukningen.
Bättre förutsättningar för att installera solceller eller ett batteri och kunna utnyttja de på ett effektivt sätt";2024-03-04;IMD
Vad innebär individuell mätning och debitering av tappvarmvatten?;Mätare installeras på alla varmvattenstammar i en byggnad så man kan se varje lägenhets individuella förbrukning. Sedan debiteras lägenhetsinnehavarna efter sin egna konsumtion utifrån mätvärdena.;2024-03-04;IMD
Vad är fördelarna med detta och vad mer behöver man veta?;"När man synliggör det individuella användandet och debiterar individuellt så kan den ökade medvetenheten bidra till att man tar initiativ för att få ner kostnaderna genom att minska sin förbrukning, därav minskar man kostnader och sparar energi. Både lägenhetsinnehavare och föreningen får bättre överblick över varmvatten förbrukningen.
Från och med 1 juni 2022 är det krav på installation av individuell mätning och debitering av tappvarmvatten vid uppförande av nya flerbostadshus (Läs mer om detta på Boverkets hemsida, länkat nedan).
Mätarna bör installeras av en kunnig konsult, återbetalningstiden för mätarna beräknas till runt 3-5 år. Mätarna har en livslängd på cirka 10-15 år med regelbundet underhåll.
För att den individuella mätningen och debiteringen ska bli effektiv krävs det att man har ett bra system för att ta emot den data man får av mätarna så att det blir lätt och enkelt att följa förbrukningen.";2024-03-04;IMD
Vad innebär individuell mätning och debitering av värme?;"På samma sätt som individuell mätning och debitering av varmvatten och el så följer det principen att mäta värmeförbrukningen i varje individuell lägenhet i byggnaden och sedan debitera utifrån den individuella konsumtionen genom mätare.

Individuell mätning och debitering av värme är obligatoriskt för de byggnader med sämst energiprestanda. Dock anses inte individuell mätning och debitering av värme vara så kostnadsgynnsamt, så det rekommenderas att göra andra energieffektiviserande åtgärder för att undvika kravet på IMD av värme som även är mer kostnadseffektiva.";2024-03-04;IMD
Hur påverkar energiklassificeringen valet av vitvaror ur ett energiperspektiv?;Välj apparater med högre energiklasser, såsom A++ eller A+++, för att minimera energiförbrukningen.;2024-03-01;Vitvaror
Vilka energibesparande funktioner bör man leta efter när man köper en kyl/frys?;Moderna kylskåp och frysar med funktioner som variabel temperaturkontroll och automatisk avfrostning bidrar till ökad energieffektivitet och minskad elförbrukning.;2024-03-01;Vitvaror
Hur kan energieffektiviteten hos tvättmaskiner jämföras och optimeras?;Frontmatade maskiner är generellt sett mer energieffektiva än toppmatade.;2024-03-01;Vitvaror
Vad är den genomsnittliga energiförbrukningen för en modern diskmaskin?;Den genomsnittliga energiförbrukningen för en diskmaskin varierar, men moderna energieffektiva modeller använder mindre vatten och energi per diskning, vilket minskar den totala miljöpåverkan.;2024-03-01;Vitvaror
Vilka fördelar erbjuder energieffektiva ugnar och spisar jämfört med äldre modeller?;Energieffektiva ugnar och spisar använder avancerad teknik som konvektion och induktion för att minska tillagningstiden och därmed minska energiförbrukningen.;2024-03-01;Vitvaror
Hur påverkar användningen av energieffektiva kaffebryggare den totala energiförbrukningen?;Energieffektiva kaffebryggare kan ha automatiska avstängningsfunktioner och möjligheten att brygga mindre mängder kaffe för att minska onödig energiförbrukning.;2024-03-01;Vitvaror
Vilka innovationer finns för att förbättra energieffektiviteten hos kylskåp och frysar?;Innovationer som vakuumisolerade paneler och smart temperaturkontroll har implementerats i moderna kylskåp och frysar för att minska energiförbrukningen och bibehålla optimala förvaringsförhållanden.;2024-03-01;Vitvaror
Hur kan en smart termostat påverka energiförbrukningen hos klimatanläggningar?;Smarta termostater kan optimera klimatanläggningens prestanda genom att anpassa temperaturen baserat på användarnas behov och scheman, vilket leder till energibesparingar.;2024-03-01;Vitvaror
Vilken roll spelar energieffektiva fläktar och köksfläktar i ett energiperspektiv?;Energieffektiva köksfläktar använder variabla hastigheter och sensorer för att justera flödet baserat på matlagningens intensitet och förbättrar därmed ventilationseffektiviteten.;2024-03-01;Vitvaror
Vad är skillnaden i energiförbrukning mellan olika typer av belysning, som LED-lampor jämfört med glödlampor?;LED-lampor har blivit det energieffektiva valet för belysning, eftersom de ger mer ljus per watt och har längre livslängd än traditionella glödlampor.;2024-03-01;Vitvaror
Hur påverkar energieffektiva tv-apparater och datorskärmar den totala elkostnaden i ett hem?;Energieffektiva TV-apparater och datorskärmar använder avancerad bildteknik och har energisparlägen för att minska strömförbrukningen när enheterna inte är i aktiv användning.;2024-03-01;Vitvaror
Vilka fördelar erbjuder energieffektiva dammsugare jämfört med äldre modeller?;Energieffektiva dammsugare använder teknik som högeffektiva filter och energiklassificeringar för att minska elförbrukningen utan att minska sugkraften.;2024-03-01;Vitvaror
Hur kan solpaneler integreras i vitvaror för att öka deras energieffektivitet?;Solpaneler kan integreras i vissa vitvaror för att driva deras funktioner, särskilt vid användning av solenergi.;2024-03-01;Vitvaror
Vad är den genomsnittliga energiförbrukningen för en energieffektiv tvättmaskin under ett normalt tvättprogram?;Genomsnittlig energiförbrukning för energieffektiva tvättmaskiner varierar, men dessa maskiner använder mindre vatten och energi per tvättcykel jämfört med äldre modeller.;2024-03-01;Vitvaror
Hur påverkar energisparlägen och tidsinställningar energiförbrukningen hos hushållsapparater?;Energisparlägen och tidsinställningar på vitvaror möjliggör programmering av drifttider och optimering av energiförbrukningen, särskilt under lågbelastningsperioder.;2024-03-01;Vitvaror
Vilken betydelse har standby-läge för den totala energiförbrukningen hos vitvaror?;Stäng av vitvaror helt när de inte används eller välj modeller med låg standby-effekt.;2024-03-01;Vitvaror
Hur kan användningen av smarta hemteknologier optimera energiförbrukningen för vitvaror?;Smarta hemteknologier kan optimera energiförbrukningen för vitvaror genom fjärrstyrning och automatisering baserat på användarmönster.;2024-03-01;Vitvaror
Vilka typer av energieffektiva ventilationssystem finns tillgängliga för hemmet?;Energieffektiva ventilationssystem, inklusive fläktar och luftcirkulation, kan förbättra luftkvaliteten och minska energiförbrukningen.;2024-03-01;Vitvaror
Vad är fördelarna med att använda energieffektiva vattenkokare och kaffebryggare?;Energieffektiva vattenkokare och kaffebryggare kan värma upp vatten snabbt och använda mindre energi än äldre modeller.;2024-03-01;Vitvaror
Hur påverkar energisnåla diskmaskiner och tvättmaskiner miljön?;Energieffektiva diskmaskiner och tvättmaskiner minskar miljöpåverkan genom att använda mindre vatten och energi per cykel.;2024-03-01;Vitvaror
Vilken typ av kyl- och frysanläggningar är mest energieffektiv: kombinerad eller separerad?;En kombinerad kyl och frys kan vara mer energieffektiv eftersom den delar en kompressor och därmed minskar den totala energiförbrukningen.;2024-03-01;Vitvaror
Hur kan energieffektiva vitvaror bidra till minskade koldioxidutsläpp?;Energieffektiva vitvaror bidrar till minskade koldioxidutsläpp genom att minska den totala elförbrukningen.;2024-03-01;Vitvaror
Vilka ekonomiska incitament och stödåtgärder finns för att främja köp av energieffektiva vitvaror?;Ekonomiska incitament och stödåtgärder, som skattelättnader eller bidrag, kan motivera köp av energieffektiva vitvaror.;2024-03-01;Vitvaror
Hur kan energieffektiva ugnar och mikrovågsugnar påverka matlagningens energikostnad?;Energieffektiva ugnar och mikrovågsugnar kan minska matlagningskostnaderna genom snabbare uppvärmning och jämnare tillagning.;2024-03-01;Vitvaror
Vilka teknologier används för att förbättra energieffektiviteten hos luftkonditioneringssystem?;Energisparlägen och avancerade klimatkontroller kan förbättra energieffektiviteten hos luftkonditioneringssystem.;2024-03-01;Vitvaror
Vad är den genomsnittliga energiförbrukningen för moderna kylskåp med avancerade klimatkontroller?;Genomsnittlig energiförbrukning för moderna kylskåp kan variera beroende på storlek och funktioner, men energimärkningen ger vägledning för att välja energieffektiva modeller.;2024-03-01;Vitvaror
Hur påverkar energieffektiva tvättmaskiner vattenförbrukningen och avloppskostnaderna?;Energieffektiva tvättmaskiner minskar vattenförbrukningen och därmed avloppskostnaderna över tid.;2024-03-01;Vitvaror
Vilka energibesparande åtgärder kan vidtas för att optimera användningen av torktumlare?;För att optimera användningen av torktumlare, använd dem med full kapacitet och rengör filtren regelbundet för att säkerställa effektiv drift.;2024-03-01;Vitvaror
Hur kan smarta köksapparater bidra till en effektivare energianvändning i köket?;Smarta köksapparater, som ugnar och kylskåp, kan anpassa sig efter användarens preferenser och scheman för att maximera energibesparingar.;2024-03-01;Vitvaror
Vilken roll spelar energieffektiva varmvattenberedare och värmepumpar i hemmets energieffektivitet?;Energieffektiva varmvattenberedare och värmepumpar kan drastiskt minska energiförbrukningen för att producera varmt vatten i hushållet.;2024-03-01;Vitvaror
Hur kan man optimera produktionen av tappvarmvatten i ett flerbostadshus?;För att optimera produktionen av tappvarmvatten i ett flerbostadshus kan man implementera effektiva uppvärmningssystem, använda avancerade reglersystem och överväga användningen av förnybara energikällor.;2024-03-01;Tappvarmvatten
Vilka typer av energikällor kan användas för att värma upp tappvarmvatten?;Valet av energikälla beror på lokala förhållanden, tillgänglighet och hållbarhetsmål.;2024-03-01;Tappvarmvatten
Hur kan man effektivisera förbrukningen av tappvarmvatten i flerbostadshus?;Effektivisering av förbrukningen av tappvarmvatten i flerbostadshus kan uppnås genom att installera vattenbesparande armaturer, genomföra kampanjer för medvetenhet om vattenanvändning och genom att implementera intelligenta system för övervakning och reglering.;2024-03-01;Tappvarmvatten
Vilka teknologier finns för att lagra och distribuera tappvarmvatten effektivt?;Teknologier för att lagra och distribuera tappvarmvatten effektivt inkluderar värmelagringslösningar, cirkulationssystem för snabbare tillgänglighet och isolering för att minimera energiförluster under distributionen.;2024-03-01;Tappvarmvatten
Vad är de vanligaste energieffektiva systemen för tappvarmvatten i flerbostadshus?;Vanliga energieffektiva system för tappvarmvatten inkluderar solvärmesystem, värmepumpar, energieffektiva tappvarmvattenberedare och intelligent styrning av vattenflödet.;2024-03-01;Tappvarmvatten
Vilka åtgärder kan vidtas för att minska energiförluster vid distributionen av tappvarmvatten?;Dessutom kan användning av cirkulationssystem och effektiv reglering bidra till att minimera förluster.;2024-03-01;Tappvarmvatten
Hur påverkar antalet boende i ett flerbostadshus produktionen och förbrukningen av tappvarmvatten?;En skalbar och anpassningsbar tappvarmvattenanläggning kan vara nödvändig för att möta varierande behov.;2024-03-01;Tappvarmvatten
Hur kan solvärme integreras för att bidra till produktionen av tappvarmvatten?;Genom att utnyttja solenergi kan man minska behovet av konventionella energikällor.;2024-03-01;Tappvarmvatten
Vilka regler och standarder gäller för produktion och förbrukning av tappvarmvatten i flerbostadshus?;Regler och standarder för produktion och förbrukning av tappvarmvatten i flerbostadshus kan inkludera byggnormer, energiprestandakrav och certifieringskrav för hållbarhet.;2024-03-01;Tappvarmvatten
Hur kan intelligenta system användas för att övervaka och reglera tappvarmvattenanläggningar?;Detta kan optimera energiförbrukningen och säkerställa att vattenproduktionen anpassas efter behov.;2024-03-01;Tappvarmvatten
Vilka energibesparande åtgärder kan implementeras för att minska förbrukningen av tappvarmvatten?;Energibesparande åtgärder för att minska förbrukningen av tappvarmvatten inkluderar användning av vattenbesparande armaturer, isolering av varmvattenrör och regelbunden underhåll av utrustning.;2024-03-01;Tappvarmvatten
Vilken roll spelar värmeåtervinningssystem vid produktionen av tappvarmvatten?;Värmeåtervinningssystem kan återvinna värmen från avloppsvatten eller från luft och använda den för att förvärma kallvatten, vilket minskar energiförbrukningen vid uppvärmning.;2024-03-01;Tappvarmvatten
Hur påverkar olika typer av tappvarmvattenberedare effektiviteten och hållbarheten?;Valet beror på behoven och förutsättningarna för varje specifikt fall.;2024-03-01;Tappvarmvatten
Vilka åtgärder kan vidtas för att främja medvetenheten om energiförbrukning bland boende?;Att främja medvetenheten om energiförbrukning bland boende kan göras genom informationskampanjer, användning av smarta mätare och genom att erbjuda incitament för att minska förbrukningen.;2024-03-01;Tappvarmvatten
Hur kan drift- och underhållsrutiner optimeras för att säkerställa en effektiv tappvarmvattenproduktion?;Drift- och underhållsrutiner kan optimeras genom regelbunden inspektion, justering av inställningar för att optimera prestanda och utbildning av underhållspersonal.;2024-03-01;Tappvarmvatten
Vilka möjligheter finns för att använda förnybara energikällor specifikt för tappvarmvattenproduktion?;Förnybara energikällor som solvärme och geotermisk energi kan användas specifikt för tappvarmvattenproduktion för att minska beroendet av icke-förnybara energikällor.;2024-03-01;Tappvarmvatten
Vad är de potentiella utmaningarna vid övergång till energieffektiva tappvarmvattensystem i befintliga flerbostadshus?;Utmaningar vid övergången till energieffektiva tappvarmvattensystem i befintliga flerbostadshus kan inkludera kostnader för uppgraderingar, tekniska begränsningar och behovet av att anpassa befintliga installationer.;2024-03-01;Tappvarmvatten
Hur påverkas förbrukningen av tappvarmvatten under olika årstider och väderförhållanden?;Förbrukningen av tappvarmvatten kan variera under olika årstider och väderförhållanden, vilket kräver flexibilitet och anpassningsförmåga i tappvarmvattensystemet.;2024-03-01;Tappvarmvatten
Vilken betydelse har isolering och termisk effektivitet för tappvarmvattensystemet?;Isolering och termisk effektivitet är avgörande för att minska värmeförluster och öka prestandan hos tappvarmvattensystemet.;2024-03-01;Tappvarmvatten
Hur kan fjärrvärme integreras för att optimera produktionen av tappvarmvatten?;Fjärrvärme kan integreras i tappvarmvattenproduktionen genom anslutning till ett centralt värmesystem, vilket kan minska behovet av individuell uppvärmning.;2024-03-01;Tappvarmvatten
Vilka teknologiska innovationer finns för att förbättra effektiviteten hos tappvarmvattensystem?;Teknologiska innovationer för att förbättra effektiviteten hos tappvarmvattensystem inkluderar avancerade styr- och reglersystem, sensorer och energieffektiva beredare.;2024-03-01;Tappvarmvatten
Hur påverkas energiförbrukningen av individuell vs centraliserad tappvarmvattenproduktion?;Båda metoderna har sina egna fördelar och nackdelar.;2024-03-01;Tappvarmvatten
Vilken typ av vattenkvalitet är optimal för att minimera påverkan på tappvarmvattensystemet över tid?;Vattenkvaliteten är optimal när den inte innehåller överdrivet med kalk eller föroreningar som kan påverka prestanda och livslängd för tappvarmvattensystemet.;2024-03-01;Tappvarmvatten
Hur kan användningen av smarta mätare och sensorer optimera förbrukningen av tappvarmvatten?;Användning av smarta mätare och sensorer kan optimera förbrukningen genom att ge realtidsdata om vattenanvändning och möjliggöra anpassning efter behov.;2024-03-01;Tappvarmvatten
Vilka ekonomiska incitament och stödåtgärder finns för att främja energieffektiva tappvarmvattensystem?;Ekonomiska incitament och stödåtgärder kan inkludera subventioner för installation av energieffektiva system, skatteförmåner eller lågfinansieringsalternativ.;2024-03-01;Tappvarmvatten
Vilken roll spelar ventilationssystemet för att påverka energiförbrukningen vid tappvarmvattenproduktion?;Ventilationssystemets effekt på energiförbrukningen kan minimeras genom att optimera luftflöden och använda värmeåtervinningssystem.;2024-03-01;Tappvarmvatten
Hur kan energieffektiva tappvarmvattensystem bidra till minskade koldioxidutsläpp?;Energieffektiva tappvarmvattensystem kan bidra till minskade koldioxidutsläpp genom att minska behovet av icke-förnybara energikällor.;2024-03-01;Tappvarmvatten
Vilka risker och utmaningar kan uppstå vid implementering av nya tappvarmvattensystem?;Risker och utmaningar vid implementering av nya tappvarmvattensystem inkluderar tekniska komplexiteter, kostnader och behovet av skräddarsydda lösningar.;2024-03-01;Tappvarmvatten
Hur kan beboarnas beteende och vanor påverka energiförbrukningen för tappvarmvatten?;Beboarnas beteende och vanor kan påverka energiförbrukningen genom att främja medvetenhet och genom att erbjuda incitament för att minska förbrukningen.;2024-03-01;Tappvarmvatten
Vilka möjligheter finns för att integrera energieffektiva tappvarmvattensystem i renoveringsprojekt för äldre flerbostadshus?;Integrering av energieffektiva tappvarmvattensystem i renoveringsprojekt för äldre flerbostadshus kan vara en utmaning, men det kan uppnås genom noggrann planering och anpassning av befintliga installationer.;2024-03-01;Tappvarmvatten
Hur kan en kombination av solvärme och värmepump användas för att producera tappvarmvatten?;En kombination av solvärme och värmepump kan användas för att producera tappvarmvatten genom att solvärmesystemet fångar upp solenergi och värmer upp en vätska. Denna värme överförs sedan till en värmepump, som ytterligare höjer temperaturen och överför värmen till tappvarmvattensystemet.;2024-03-01;Tappvarmvatten
Vilka innovativa teknologier finns för att minska förbrukningen av tappvarmvatten i duschar och kranar?;Innovativa teknologier för att minska förbrukningen av tappvarmvatten inkluderar vattenbesparande dusch- och kranarmaturer med lågflödesteknik, beröringsfria sensorarmaturer och avancerade reglersystem som anpassar vattenflödet efter användarens behov.;2024-03-01;Tappvarmvatten
Hur påverkar olika tappvarmvattenlösningar användningen av vatten och vattenkvaliteten i en byggnad?;En välfungerande lösning kan bidra till effektiv vattenanvändning och bibehålla hög vattenkvalitet.;2024-03-01;Tappvarmvatten
Vilken betydelse har installationen av energieffektiva armaturer och duschar för hela tappvarmvattensystemet?;Detta leder till lägre energiförbrukning och minskad vattenavfall.;2024-03-01;Tappvarmvatten
Hur kan individuell mätning och debitering av tappvarmvatten stimulera till en mer medveten förbrukning?;Individuell mätning och debitering av tappvarmvatten kan stimulera till en mer medveten förbrukning genom att användarna får direkt feedback på sin användning och blir motiverade att minska sin vattenanvändning.;2024-03-01;Tappvarmvatten
Vilken roll spelar användningen av återvunnet vatten i förhållande till produktion och förbrukning av tappvarmvatten?;Användningen av återvunnet vatten kan minska belastningen på det traditionella tappvarmvattensystemet genom att använda behandlat avloppsvatten för exempelvis toalettsköljning eller bevattning, vilket minskar förbrukningen av rent vatten.;2024-03-01;Tappvarmvatten
Hur kan cirkulationspumpar optimeras för att minska energiförbrukningen i tappvarmvattensystemet?;Cirkulationspumpar i tappvarmvattensystemet kan optimeras genom att använda energieffektiva pumpar och regleringssystem som anpassar cirkulationen efter faktiska behov, vilket minskar onödig energiförbrukning.;2024-03-01;Tappvarmvatten
Vilka möjligheter finns för att integrera intelligenta termostater och styrsystem för att anpassa tappvarmvattenproduktionen till användarnas behov?;Intelligenta termostater och styrsystem kan integreras för att anpassa tappvarmvattenproduktionen till användarnas behov genom att optimera temperaturinställningar och schemaläggning baserat på efterfrågan.;2024-03-01;Tappvarmvatten
Hur påverkas tappvarmvattenbehoven av förändringar i befolkningsstrukturen och bostadstyperna i ett område?;Flexibla och skalbara system kan anpassas för att möta dessa förändringar.;2024-03-01;Tappvarmvatten
Vilka finansiella incitament och stödprogram finns för att underlätta övergången till energieffektiva tappvarmvattensystem?;Finansiella incitament och stödprogram kan inkludera subventioner, skatteförmåner eller lågfinansiering för fastighetsägare och boende som investerar i energieffektiva tappvarmvattensystem.;2024-03-01;Tappvarmvatten
Hur kan energieffektiva tappvarmvattensystem bidra till att uppfylla hållbarhetscertifieringskrav för byggnader?;Energieffektiva tappvarmvattensystem kan bidra till att uppfylla hållbarhetscertifieringskrav för byggnader genom att minska energiförbrukningen och miljöpåverkan.;2024-03-01;Tappvarmvatten
Vilken betydelse har rörmaterial och isolering för att minimera värmeförlust vid distributionen av tappvarmvatten?;Välisolerade rör och effektiv isolering bidrar till att bevara värmen och minska energiförluster.;2024-03-01;Tappvarmvatten
Hur påverkar valet av tappvarmvattenberedare systemets totala livscykelkostnad och miljöpåverkan?;Energieffektiva beredare och innovativa värmelagringslösningar kan bidra till långsiktig hållbarhet.;2024-03-01;Tappvarmvatten
Vilka strategier kan användas för att övervaka och optimera tappvarmvattensystemet i realtid?;Strategier för att övervaka och optimera tappvarmvattensystemet i realtid kan inkludera användning av sensorer, IoT-enheter och mjukvaruplattformar för att samla in och analysera data om systemets prestanda.;2024-03-01;Tappvarmvatten
Hur kan fjärravläsning och fjärrstyrning bidra till effektivare hantering av tappvarmvatten i flerbostadshus?;Fjärravläsning och fjärrstyrning kan bidra till effektivare hantering av tappvarmvatten genom att tillåta övervakning och styrning av systemet på distans, vilket möjliggör snabbare respons på förändrade förhållanden.;2024-03-01;Tappvarmvatten
Vilken påverkan har klimatförändringar på dimensioneringen och planeringen av tappvarmvattensystem?;Klimatförändringar kan påverka dimensioneringen och planeringen av tappvarmvattensystem genom att skapa ökad efterfrågan på kylning eller uppvärmning beroende på lokala förhållanden.;2024-03-01;Tappvarmvatten
Hur kan energieffektiviteten förbättras genom åtgärdsprogram och utbildningsinsatser för boende och fastighetsägare?;Åtgärdsprogram och utbildningsinsatser för boende och fastighetsägare kan förbättra energieffektiviteten genom att främja medvetenhet, ändrat beteende och genomförande av energibesparande åtgärder.;2024-03-01;Tappvarmvatten
Vilken roll spelar tappvarmvattensystemet i att möjliggöra implementeringen av smarta hemteknologier?;Tappvarmvattensystemet spelar en viktig roll i implementeringen av smarta hemteknologier genom att möjliggöra anslutning och kontroll av enheter som är kopplade till systemet.;2024-03-01;Tappvarmvatten
Hur påverkas tappvarmvattensystemet av användningen av vattenbesparande apparater och fixturer?;Användningen av vattenbesparande apparater och fixturer kan påverka tappvarmvattensystemet genom att minska vattenflödet och därmed energiförbrukningen.;2024-03-01;Tappvarmvatten
Vilka möjligheter finns för att integrera förnybar energi i tappvarmvattensystemet på ett kostnadseffektivt sätt?;Förnybar energi kan integreras i tappvarmvattensystemet på ett kostnadseffektivt sätt genom användning av solenergi, vindkraft eller andra förnybara källor beroende på lokala förutsättningar.;2024-03-01;Tappvarmvatten
Hur kan virtualisering och simuleringstekniker användas för att optimera tappvarmvattensystemets prestanda och energieffektivitet?;Virtualisering och simuleringstekniker kan användas för att optimera tappvarmvattensystemets prestanda och energieffektivitet genom att simulera olika scenarier och analysera systemets respons.;2024-03-01;Tappvarmvatten
Vilka utmaningar och möjligheter finns vid övergången från fossila bränslen till förnybara energikällor för tappvarmvattenproduktion?;Utmaningar och möjligheter vid övergången från fossila bränslen till förnybara energikällor för tappvarmvattenproduktion inkluderar tekniska anpassningar, investeringskostnader och hållbarhetsvinster.;2024-03-01;Tappvarmvatten
Hur kan värmepumpar integreras med andra energisystem för att öka effektiviteten i tappvarmvattenproduktionen?;Värmepumpar kan integreras med andra energisystem, såsom solvärmesystem eller fjärrvärme, för att öka effektiviteten i tappvarmvattenproduktionen genom att utnyttja olika energikällor.;2024-03-01;Tappvarmvatten
Vilken betydelse har användningen av avancerade styr- och reglersystem för att balansera tappvarmvattensystemet?;Användningen av avancerade styr- och reglersystem är avgörande för att balansera tappvarmvattensystemet genom att anpassa produktionen efter efterfrågan och optimera driftförhållandena.;2024-03-01;Tappvarmvatten
Hur kan byggnadsautomation och IoT-enheter användas för att optimera tappvarmvattensystemets drift och underhåll?;Byggnadsautomation och IoT-enheter kan användas för att optimera tappvarmvattensystemets drift och underhåll genom att övervaka och styra systemet baserat på realtidsdata.;2024-03-01;Tappvarmvatten
Vilka ekonomiska fördelar och besparingar kan uppnås genom att övergå till energieffektiva tappvarmvattensystem?;Ekonomiska fördelar och besparingar genom övergång till energieffektiva tappvarmvattensystem inkluderar minskade energikostnader, potentiella skatteincitament och förbättrad fastighetsvärde.;2024-03-01;Tappvarmvatten
Hur påverkas tappvarmvattensystemets sårbarhet av externa påverkansfaktorer som exempelvis cyberattacker eller energiförsörjningsstörningar?;Säkerhetsprotokoll och reservsystem kan minimera riskerna.;2024-03-01;Tappvarmvatten
Vilken inverkan har geografiska och klimatmässiga faktorer på valet av tappvarmvattenlösningar för olika regioner?;Geografiska och klimatmässiga faktorer påverkar valet av tappvarmvattenlösningar för olika regioner genom att kräva anpassning till lokala klimatförhållanden och tillgängliga energikällor.;2024-03-01;Tappvarmvatten
Hur kan livscykelanalys bidra till att utvärdera och välja de mest hållbara tappvarmvattensystemen?;Livscykelanalys kan bidra till att utvärdera och välja de mest hållbara tappvarmvattensystemen genom att bedöma systemets påverkan från produktion till avveckling.;2024-03-01;Tappvarmvatten
Vilken betydelse har användningen av prefabricerade system och moduler för att snabba upp implementeringen av energieffektiva tappvarmvattensystem?;Användningen av prefabricerade system och moduler kan snabba upp implementeringen av energieffektiva tappvarmvattensystem genom att erbjuda standardiserade och lättinstallerade komponenter.;2024-03-01;Tappvarmvatten
Hur påverkas tappvarmvattenbehoven vid övergången från konventionella till energieffektiva byggnadsmaterial och design?;Tappvarmvattenbehoven kan påverkas vid övergången från konventionella till energieffektiva byggnadsmaterial och design genom ändrade isoleringskrav och anpassning av systemet till nya förutsättningar.;2024-03-01;Tappvarmvatten
Vilka möjligheter finns för att utveckla och använda åtgärdsförslagssystem för boende för att främja energieffektiv tappvarmvattenanvändning?;Möjligheter att utveckla och använda åtgärdsförslagssystem för boende för att främja energieffektiv tappvarmvattenanvändning inkluderar smarta mätare, realtidsfeedback och incitament för besparingar.;2024-03-01;Tappvarmvatten
Hur kan värmeåtervinning från avloppsvatten bidra till energieffektiv tappvarmvattenproduktion?;Värmeåtervinning från avloppsvatten kan bidra till energieffektiv tappvarmvattenproduktion genom att återanvända värmen från avloppsvatten för att förvärma kallvatten.;2024-03-01;Tappvarmvatten
Vilka utbildnings- och informationskampanjer kan genomföras för att öka medvetenheten om energieffektiva tappvarmvattensystem?;Utbildnings- och informationskampanjer för att öka medvetenheten om energieffektiva tappvarmvattensystem kan inkludera workshops, informationsmaterial och samarbeten med lokala samhällen.;2024-03-01;Tappvarmvatten
Hur kan forskning och utveckling bidra till att driva innovation inom tappvarmvattenproduktion och användning?;Forskning och utveckling kan driva innovation inom tappvarmvattenproduktion och användning genom att utforska nya teknologier, material och koncept för att förbättra effektiviteten och hållbarheten.;2024-03-01;Tappvarmvatten
Vilka möjligheter finns för att utforma tappvarmvattensystem som är anpassade för specifika användarbehov och beteendemönster?;Möjligheter att utforma tappvarmvattensystem som är anpassade för specifika användarbehov och beteendemönster inkluderar flexibla systeminställningar och anpassningsbara funktioner.;2024-03-01;Tappvarmvatten
Hur kan användningen av avancerade sensorer och mätinstrument förbättra övervakningen och underhållet av tappvarmvattensystemet?;Användningen av avancerade sensorer och mätinstrument kan förbättra övervakningen och underhållet av tappvarmvattensystemet genom att tillhandahålla detaljerad information om prestanda och förbrukning.;2024-03-01;Tappvarmvatten
Vilken betydelse har energieffektiva tappvarmvattensystem för att minska den totala energiförbrukningen i ett flerbostadshus?;Energieffektiva tappvarmvattensystem kan bidra till att minska den totala energiförbrukningen i ett flerbostadshus genom att optimera produktion och distribution, vilket leder till minskad miljöpåverkan.;2024-03-01;Tappvarmvatten
Hur kan finansieringsmodeller och ekonomiska incitament stödja investeringar i energieffektiva tappvarmvattensystem?;Finansieringsmodeller och ekonomiska incitament kan stödja investeringar i energieffektiva tappvarmvattensystem genom att erbjuda incitament som subventioner, lån med låg ränta eller andra ekonomiska förmåner.;2024-03-01;Tappvarmvatten
Vilka utvärderingskriterier bör användas för att bedöma prestanda och effektivitet hos olika tappvarmvattensystem?;Utvärderingskriterier för att bedöma prestanda och effektivitet hos olika tappvarmvattensystem kan omfatta energiförbrukning, livscykelkostnader, miljöpåverkan och användarvänlighet.;2024-03-01;Tappvarmvatten
Hur kan hållbarhetscertifieringssystem påverka utvecklingen och implementeringen av energieffektiva tappvarmvattensystem?;Hållbarhetscertifieringssystem kan påverka utvecklingen och implementeringen av energieffektiva tappvarmvattensystem genom att ställa krav på systemens miljövänlighet och energieffektivitet.;2024-03-01;Tappvarmvatten
Vilka möjligh eter finns för att använda avancerad datateknik, såsom artificiell intelligens, för att optimera tappvarmvattensystemets drift?;Användningen av avancerad datateknik, inklusive artificiell intelligens, för att optimera tappvarmvattensystemets drift kan öka effektiviteten genom smarta algoritmer och automatiserade beslutsfattandeprocesser.;2024-03-01;Tappvarmvatten
Hur kan samarbete mellan olika intressenter, såsom fastighetsägare, leverantörer och myndigheter, främja övergången till energieffektiva tappvarmvattensystem?;Samarbete mellan olika intressenter, såsom fastighetsägare, leverantörer och myndigheter, kan främja övergången till energieffektiva tappvarmvattensystem genom gemensamma initiativ, kunskapsutbyte och standardiserade praxis.;2024-03-01;Tappvarmvatten
Vilka möjligheter och utmaningar finns vid eftermontering och uppgradering av befintliga tappvarmvattensystem för att göra dem mer energieffektiva?;Möjligheter och utmaningar vid eftermontering och uppgradering av befintliga tappvarmvattensystem för att göra dem mer energieffektiva kan inkludera anpassning till befintliga strukturer och tekniska begränsningar.;2024-03-01;Tappvarmvatten
Hur påverkar urbanisering och förtätning efterfrågan på tappvarmvatten och därmed behovet av energieffektiva lösningar?;Urbanisering och förtätning kan påverka efterfrågan på tappvarmvatten och därmed behovet av energieffektiva lösningar genom att skapa koncentration av befolkningen och ökad belastning på infrastrukturen.;2024-03-01;Tappvarmvatten
Vilken roll kan offentlig politik och regelverk spela för att påskynda övergången till energieffektiva tappvarmvattensystem?;Offentlig politik och regelverk kan påskynda övergången till energieffektiva tappvarmvattensystem genom att ställa krav, erbjuda incitament och främja forskning och innovation på området.;2024-03-01;Tappvarmvatten
Hur kan flexibilitet och skalbarhet integreras i utformningen av tappvarmvattensystem för att möta varierande behov och efterfrågan?;Flexibilitet och skalbarhet i utformningen av tappvarmvattensystem kan integreras för att möta varierande behov och efterfrågan över tiden genom att tillåta enkla justeringar och uppgraderingar.;2024-03-01;Tappvarmvatten
Vilka energieffektivitetsmärkningar och betygssystem är relevanta för att guida valet av tappvarmvattensystem?;Energieffektivitetsmärkningar och betygssystem kan vara relevanta för att guida valet av tappvarmvattensystem genom att ge konsumenter och fastighetsägare information om produkternas prestanda.;2024-03-01;Tappvarmvatten
Hur påverkar byggstandarder och byggprocessen valet och implementeringen av energieffektiva tappvarmvattensystem?;Byggstandarder och byggprocessen kan påverka valet och implementeringen av energieffektiva tappvarmvattensystem genom att ställa krav på energiprestanda och inkludera nya teknologier i byggnadsdesignen.;2024-03-01;Tappvarmvatten
Vilka möjligheter finns för att utveckla och använda digitala plattformar för att övervaka och optimera tappvarmvattensystem i realtid?;Digitala plattformar för övervakning och optimering av tappvarmvattensystem i realtid kan användas för att öka effektiviteten genom att möjliggöra fjärrövervakning och snabb respons på förändringar i systemets prestanda.;2024-03-01;Tappvarmvatten
Hur mycket energi i kWh går åt att varma upp en kubikmeter kallvatten till 50 grader?;Att värma upp en kubikmeter kallvatten till 50 grader kräver en viss mängd energi. För att beräkna detta använder vi volymen av vattnet, dess värmekapacitet och den önskade temperaturökningen. Antag att starttemperaturen på vattnet är 10 grader Celsius. Om vi vill höja temperaturen till 50 grader, är temperaturökningen 50−10=40 grader. Värmekapaciteten för vatten, som är den mängd energi som krävs för att höja temperaturen hos en enhet massa vatten med en grad, är ungefär 4186 J/kg. Så, om vi har 1 kubikmeter vatten, vilket motsvarar 1000 liter eller 1000 kg (eftersom 1 liter vatten väger ungefär 1 kg), kan vi använda följande beräkning:  Energiförbrukning=Volym×Värmekapacitet×Temperaturökning;2024-03-01;Tappvarmvatten
Energideklaration;En dokumenterad bedömning av en byggnads energiprestanda, inklusive information om energiförbrukning, effektivitet och rekommendationer för förbättringar.;2024-03-01;Definitioner
Energieffektivisering;Processen att minska energiförbrukningen i en byggnad genom olika åtgärder och teknologier för att öka energieffektiviteten.;2024-03-01;Definitioner
Flerbostadshus;En byggnad som innehåller flera separata bostäder och delar gemensamma utrymmen.;2024-03-01;Definitioner
BBR (Boverkets byggregler);Svenska regler och normer för byggande och förvaltning av byggnader, inklusive energiprestanda och krav.;2024-03-01;Definitioner
BBR25;Ett kapitel inom Boverkets byggregler som specifikt behandlar energianvändning i byggnader och fastställer krav för energideklaration.;2024-03-01;Definitioner
BBR29;Ett kapitel i Boverkets byggregler som behandlar energiprestanda och energianvändning i flerbostadshus.;2024-03-01;Definitioner
U-värde;Mått på en byggnads isoleringsförmåga, indikerar mängden värme som passerar genom en konstruktion.;2024-03-01;Definitioner
Ventilationssystem;Installation som reglerar luftflödet inom en byggnad för att säkerställa god luftkvalitet.;2024-03-01;Definitioner
Termisk isolering;Användning av material för att minska överföringen av värme genom en byggnads struktur.;2024-03-01;Definitioner
Värmeåtervinning;Återvinning av värme från uteluften eller ventilationsluften för att minska energiförbrukningen.;2024-03-01;Definitioner
Energiutredning;En noggrann analys av en byggnads energianvändning för att identifiera möjliga åtgärder för att öka energieffektiviteten.;2024-03-01;Definitioner
Fjärrvärme;En form av centraliserad värmeleverans där värme produceras centralt och distribueras via rörledningar till olika byggnader.;2024-03-01;Definitioner
Köldbrygga;Plats där isoleringen i en byggnad bryts, vilket kan leda till ökad värmeförlust och risk för kondens.;2024-03-01;Definitioner
Energiförbrukning;Den totala mängden energi som används inom en byggnad för olika ändamål.;2024-03-01;Definitioner
Solcellsanläggning;System som omvandlar solenergi till elektricitet genom användning av solceller.;2024-03-01;Definitioner
Värmepump;En anordning som överför värme från en källa till en destination och används för uppvärmning eller kylning.;2024-03-01;Definitioner
Energiklassificering;Beteckning som tilldelas en byggnad baserat på dess energideklaration och indikerar dess nivå av energieffektivitet.;2024-03-01;Definitioner
Energianvändningsprofil;Detaljerad analys av hur energi förbrukas inom en byggnad över en given tidsperiod.;2024-03-01;Definitioner
Inomhusklimat;Refererar till luftkvalitet, temperatur och fuktighet inom en byggnad och påverkar bekvämlighet och hälsa.;2024-03-01;Definitioner
Byggnadsautomation;Användning av system och teknologier för att automatisera och kontrollera olika funktioner i en byggnad.;2024-03-01;Definitioner
CO2-avtryck;Totala mängden koldioxidutsläpp kopplade till en byggnads energianvändning och drift.;2024-03-01;Definitioner
Fasadisolering;Innebär att lägga till isoleringsmaterial på byggnadens fasad för att förbättra energieffektiviteten.;2024-03-01;Definitioner
Åtgärdsprogram;Plan som identifierar och beskriver specifika åtgärder för att förbättra en byggnads energieffektivitet.;2024-03-01;Definitioner
Drift- och underhållsinstruktioner;Dokument som beskriver hur en byggnads tekniska system ska skötas och underhållas för att optimera energiprestanda.;2024-03-01;Definitioner
Miljöklassificering;Bedömning av en byggnads miljöpåverkan baserat på olika faktorer, inklusive energianvändning och materialval.;2024-03-01;Definitioner
Förnybar energi;Kommer från naturliga källor som sol, vind och vatten och används för att minska beroendet av icke förnybara energikällor.;2024-03-01;Definitioner
Energiövervakningssystem;Används för att kontinuerligt övervaka och analysera en byggnads energiförbrukning.;2024-03-01;Definitioner
Passivhusstandard;Hög energieffektivitetsstandard som fokuserar på att minimera energiförlust och maximera energiförbrukningseffektivitet.;2024-03-01;Definitioner
Fönsterisolering;Användning av isolerande material och teknologier för att minimera värmeförlust genom fönster.;2024-03-01;Definitioner
Fuktspärr;Barriär som förhindrar fuktintrång och kondens inom en byggnad.;2024-03-01;Definitioner
Energieffektivitetssystem;Olika teknologier och strategier för att öka en byggnads energieffektivitet.;2024-03-01;Definitioner
Energirådgivning;Att ge råd och rekommendationer för att förbättra energieffektiviteten i en byggnad.;2024-03-01;Definitioner
Energiplanering;Skapa en strategi för att effektivt använda och hantera energi inom en byggnad eller område.;2024-03-01;Definitioner
Energistyrningssystem;Används för att övervaka och reglera olika energikomponenter i en byggnad.;2024-03-01;Definitioner
Energieffektivitetsmärkning;Beteckning eller klassificering som indikerar en byggnads nivå av energieffektivitet.;2024-03-01;Definitioner
Energiåtgärder;Specifika åtgärder och förändringar som vidtas för att förbättra en byggnads energiprestanda.;2024-03-01;Definitioner
Värmesystem;Anordning eller system som används för att producera och distribuera värme inom en byggnad.;2024-03-01;Definitioner
Energikrav;Minimistandarder och specifikationer som måste uppfyllas för att säkerställa att en byggnad är energieffektiv.;2024-03-01;Definitioner
Byggnadsteknisk utredning;Grundlig undersökning av en byggnads tekniska system och struktur för att identifiera eventuella brister och förbättringsområden.;2024-03-01;Definitioner
Åtgärdsförslag;Konkreta rekommendationer som presenteras i energideklarationen för att förbättra en byggnads energiprestanda.;2024-03-01;Definitioner
Vindkraft;Användningen av vindenergi för att generera elektricitet och minska beroendet av icke förnybara energikällor.;2024-03-01;Definitioner
Energiintyg;Officiell dokumentation av en byggnads energiprestanda och energiklassificering.;2024-03-01;Definitioner
Energiinventering;Insamling och analys av data om energianvändningen inom en byggnad för att identifiera möjliga förbättringar.;2024-03-01;Definitioner
Förbrukningsanalys;Utvärdering av den faktiska energiförbrukningen inom en byggnad jämfört med förväntningarna och normerna.;2024-03-01;Definitioner
Energiomvandling;Omvandling av en form av energi till en annan, såsom;2024-03-01;Definitioner
Energiåtervinningssystem; omvandling av solenergi till elektricitet.;2024-03-01;Definitioner
Energiöverensstämmelse;Används för att återvinna och återanvända värme eller energi som genereras inom en byggnad.;2024-03-01;Definitioner
Årlig energianvändning;Att en byggnad eller system uppfyller de fastställda energiprestandakraven.;2024-03-01;Definitioner
LCC (Life Cycle Cost);Totala mängden energi som förbrukas inom en byggnad under ett års tidsperiod.;2024-03-01;Definitioner
Energisimulering;Livscykelkostnad, den totala kostnaden över hela livslängden för en byggnad eller system, inklusive drift och underhåll.;2024-03-01;Definitioner
Energiberäkning;Beräkningar och bedömningar av en byggnads totala energibehov och förväntade energiförbrukning.;2024-03-01;Definitioner
Klimatskal;Den yttre strukturen av en byggnad, inklusive väggar, tak och golv, som påverkar dess energieffektivitet.;2024-03-01;Definitioner
Energilagringslösningar;Teknologier och system som används för att lagra och återanvända överskott av genererad energi.;2024-03-01;Definitioner
Lokal energiproduktion;Produktion av energi på plats, exempelvis genom solpaneler eller småskalig vindkraft.;2024-03-01;Definitioner
Indoor Environmental Quality (IEQ);Bedömning av inomhusmiljön, inklusive luftkvalitet, ljus och termisk komfort.;2024-03-01;Definitioner
Koldioxidneutralitet;En egenskap där en byggnad eller en process inte netto släpper ut koldioxid i atmosfären.;2024-03-01;Definitioner
Energieffektivitetscertifiering;Officiell certifiering som bekräftar att en byggnad uppfyller specifika energieffektivitetsstandarder.;2024-03-01;Definitioner
Energieffektivitetsklassificeringssystem;Ett system som tilldelar en byggnad en klassificering baserat på dess energiprestanda.;2024-03-01;Definitioner
Energikonsumtionsmätare;En anordning som mäter och övervakar en byggnads specifika energiförbrukning.;2024-03-01;Definitioner
Värmelaster;Mängden värme som krävs för att hålla en byggnad vid önskad temperatur under olika förhållanden.;2024-03-01;Definitioner
Ljusstyrningssystem;System som reglerar användningen av belysning för att optimera energiförbrukningen.;2024-03-01;Definitioner
Grön takkonstruktion;Användning av växtmaterial på taket för att förbättra isolering och minska uppvärmningseffekter.;2024-03-01;Definitioner
Energiutnyttjandegradering;Mätning av hur effektivt en byggnad använder den tillförda energin för olika ändamål.;2024-03-01;Definitioner
Byggnadsintegrerade solceller;Solceller som integreras i byggnadens struktur för att generera elektricitet.;2024-03-01;Definitioner
Förnybarvärmetillförsel;Användning av förnybara energikällor för att tillföra värme till en byggnad.;2024-03-01;Definitioner
Energieffektivitetskrav;Specifika standarder och krav som fastställer miniminivåer för energieffektivitet inom byggsektorn.;2024-03-01;Definitioner
Passiv solvärme;Användning av solenergi för att värma upp en byggnad utan aktiv teknik.;2024-03-01;Definitioner
Energioptimering;Processen att justera och förbättra system och komponenter för att minimera energiförlust.;2024-03-01;Definitioner
Byggnadsenergianalys;En djupgående undersökning av en byggnads energiprestanda och identifikation av förbättringsområden.;2024-03-01;Definitioner
Fjärrkyla;Leverans av kyla från ett centralt kylsystem till byggnader för att minska individuell energiförbrukning för kylning.;2024-03-01;Definitioner
Hållbarhetscertifieringssystem;System som utvärderar och certifierar byggnaders hållbarhet utifrån olika kriterier.;2024-03-01;Definitioner
Smart grid;Ett elnät som integrerar digital teknik för att optimera distributionen och användningen av elektricitet.;2024-03-01;Definitioner
Termisk komfort;Tillfredsställande nivåer av värme eller kyla för att skapa en bekväm inomhusmiljö.;2024-03-01;Definitioner
Energiallokeringssystem;System för att fördela energiresurser på ett effektivt sätt inom en byggnad eller ett område.;2024-03-01;Definitioner
Energisäkerhet;Åtgärder och strategier för att trygga en stabil och tillförlitlig tillgång till energi.;2024-03-01;Definitioner
Varför bildas kondens på insidan av mina fönsterrutor?;Kondens på insidan uppstår när varm luft inomhus möter en kall yta, som fönsterrutan, och fukt i luften kondenserar på ytan.;2024-03-25;Uppvärmning
Jag har använt en värmekamera för att identifiera värmeläckage, hur kan jag åtgärda värmeläckagen? ;Det som ger störst skillnad är att tilläggsisolera eller byta ut de byggnadsdelar där det finns värmeläckage.;2024-03-25;Uppvärmning
Är det en idé att byta ut våra gamla element till mer energieffektiva, ger bättre värme och säkrare drift? ;Det kan vara en bra idé att byta till moderna och effektiva element om de gamla inte är energieffektiva eller om de inte längre fungerar som de ska. Nya element kan bidra till bättre värme och lägre energiförbrukning.;2024-03-25;Uppvärmning
Hur minskar jag min energianvändning till uppvärmning och därmed mina uppvärmningskostnader? ;Ett bra första steg är att ta reda på vilket uppvärmningssystem din bostad har och hur mycket energi du använder varje månad. Du kan jämför med liknande hus för att få en bild om din energianvändning är normal. Till hjälp kan du använda energideklarationen om en sådan finns. När du har koll på det är det enklaste steget att energieffektivisera att genomföra enklare åtgärder. Det kan vara att sänka inomhus men en grad, flytta möbler så de inte räcker fönster, byta ut termostater osv. Efter du genomfört enklare åtgärder kan det vara bra att investera i större åtgärder om du har möjlighet till det. Det kan handla om att byta se över möjligheten byta från direktverkande el, byta ut gammal utrustning, tilläggsisolera, renovera eller byta fönster osv. Här kan du läsa mer om hur du minskar din energianvändning: https://www.energiradgivningen.se/minska-din-energianvandning/;2024-03-25;Uppvärmning
Jag behöver rådgivning gällande val av uppvärmning av min bostad, hur går jag tillväga? ;Klimat och energirådgivningen har tagit fram en guide för att välja rätt värmesystem för din bostad och följer fyra steg 1) Undersök husets värmebehov, 2) Minska husets värmebehov, 3) Vilket värmesystem ska jag välja, 4) Ta in offerter och välj installatör https://www.energiradgivningen.se/valja-varmesystem/. Du kan även kontakta energi- & klimatrådgivningen för rådgivning.;2024-03-25;Uppvärmning
Kan ni ge rekommendationer kring vilka firmor vi ska vända oss till? ;Du kan exempelvis hitta företag via olika branschorganisationer. Här hittar du tips på hur du kan hitta och välja företag https://www.energiradgivningen.se/hitta-och-valja-foretag/;2024-03-25;Uppvärmning
Kan ni ge rekommendationer vilket/vilka värmesystem vi ska välja?;Du kan kontakt klimat-& energirådgivningen för rådgivning gällande val av värmesystem.  Vilket värmesystem du ska beror på dina krav och önskemål, husets förutsättningar m.m. Du kan även läsa Klimat och energirådgivningens guide för att välja värmesystem  https://www.energiradgivningen.se/valja-varmesystem/;2024-03-25;Uppvärmning
Jag har använt en värmekamera för att identifiera värmeläckage, hur kan jag åtgärda värmeläckagen? ;Förstärk isoleringen där värmeläckage upptäckts, täta kring fönster och dörrar med tätningstejp eller liknande, använd väderlister runt rörliga delar, överväg att byta ut ineffektiva fönster och dörrar.;2024-03-25;Uppvärmning
Hur kan jag hitta värmeläckage i huset? ;Använd en värmekamera eller gör en termografering. Alternativt kan du känna med handen vid troliga läckställen som fönster, dörrar och där olika byggnadsdelar möts.;2024-03-25;Uppvärmning
Lånar ni ut utrusning (t.ex. värmekamera, rökpenna m.m.) för att identifiera värmeläckor och problem? ;Många kommuner, energirådgivare eller bibliotek erbjuder möjligheten att låna utrustning för att identifiera värmeläckage. Kontakta din lokala energi-& klimatrådgivare för information. ;2024-03-25;Uppvärmning
Vilka uppvärmningsalternativ finns för min bostad?;Fjärrvärme, bergvärme, luft/vatten-värmepump, luft/luft värmepump, frånluftsvärmepump, solvärme, direktverkande el, värmepanna, braskamin eller kakelugn är olika typer av värmesystem. Vilket system som passar dig och din bostad beror på dina krav och önskemål. Det finns även andra faktorer som påverkar vilket värmesystem som passar din bostad t.ex. tillgängligt utrymme, om nuvarande värmesystem är vattenburet eller om det värms upp med direktverkande el, osv. Läs mer om att välja värmesystem här https://www.energiradgivningen.se/valja-varmesystem/.;2024-03-25;Uppvärmning
Lönar det sig att installera en luft-luftvärmepump som komplement till direktverkande el? ;Ja, i ett hus som värms upp med direktverkande el är det ofta lönsamt att installa en värmepump. Genom att installera en värmepump minskar den totala elanvändningen vanligtvis med ca 20-30%. ;2024-03-25;Uppvärmning
Är det lämpligt att stänga av elementen när jag är bortrest under ett antal månader för att spara energi? ;Om du sänker inomhustemperaturen kraftigt eller kallställer delar av en byggnad, kan det orsaka långsammare torkning av ytor som ytterväggar efter regn och öka risken för mögel på grund av kondens. Risken för mögel är störst under fuktiga perioder, som hösten, och om byggnaden hålls kall regelbundet. Även enstaka rum som kyls ner kan drabbas om fuktig luft läcker in. För att undvika fukt och mögel bör inomhusluften inte ha högre luftfuktighet än cirka 70 % över tid. En inomhustemperatur på runt 15 °C rekommenderas som en säkerhetsåtgärd.;2024-03-25;Uppvärmning
Vilken inomhustemperatur är rekommenderat? ;En temperatur på 20-23°C är normalt rekommenderad. Om man sänker temperaturen mycket eller kallställer enstaka rum eller byggnader kan det, särskilt under hög luftfuktighet, ökar risken för mögel på grund av långsammare torkning och potentiell kondens. Om temperaturen sänks i enstaka rum kan fuktig luft läcka in från resten av huset och skapa liknande problem. För att minimera fuktskador bör man undvika att ha en inomhus temperatur under 15°C i längre perioder. När man sänker temperaturen ökar luftfuktigheten och den bör inte vara över 70% en längre tid. ;2024-03-25;Uppvärmning
Kan en luft/luftvärmepump minska elkostnaden med 20-30%? ;Ja, en luft/luftvärmepump minskar vanligtvis elanvändningen och därmed elkostnaderna med ca 20-30%. ;2024-03-25;Uppvärmning
På vilket sätt jag kan ta bort snö och is från min garageinfart genom uppvärmning? ; Det finns olika system för uppvärmning av garageinfarter, inklusive elektriska värmekablar eller slangar med varmt vatten.;2024-03-25;Uppvärmning
Krävs det bygglov för att installera braskasett? ;Nej det krävs inte bygglov men det krävs en anmälan. Kontakta din kommuns byggnadsnämnd för information.;2024-03-25;Uppvärmning
Vad gäller för att installera en kamin i min bostad? ;Kaminen ska uppfylla Boverkets regler och det krävs dessutom en anmälan till byggnadsnämnden för installation eller väsentlig ändring av kamin, annan eldstad eller skorsten i byggnader. Generellt behöver du söka bygglov för ny rökgaskanal på fasad om den påverkar byggnadens yttre utseende väsentligt .;2024-03-25;Uppvärmning
Vad är typiska verkningsgrader för luft-luftvärmepump, frånluftsvärmepump och bergvärme? ;Årsvärmefaktorn (SCOP-värdet), som också kallas verkningsgrad, är värmepumpens genomsnittliga värmefaktor under ett år. Det är ett mått på hur mycket värme värmepumpen ger i förhållande till elanvändningen. Årsvärmefaktor för en luft-luftvärmepump ligger typisk på ca 3,0-4,0, för en luftvattenvärmepump ca 3,0-4,0, för en bergvärmepump ca 3,0-4,0 och för en frånluftsvärmepump ca 2,0-3,0.;2024-03-25;Uppvärmning
Hur fungerar en frånluftsvärmepump? ;En frånluftsvärmepump återvinner värme från inomhusluften som ventileras ut från huset och använder denna värme för att värma upp tappvarmvatten och/eller husets uppvärmningssystem. Fördelen är att det är en bra värmekälla eftersom temperaturen ligger på mer än 20 grader under hela året men nackdelen är att energimängden är begränsad till ventilationsflödet som avges från huset.;2024-03-25;Uppvärmning
Hur nära kan borrhålen ligga varandra utan att påverka bergvärmen negativt? ;Det bör vara minst 25 m mellan två olika borrhål. Undvik att borra närmare än 10 m från tomtgränsen för att minska risken att du stör grannens energibrunn och tvärtom. Det bör undvikas att borra närmare än 4 meter från huset.;2024-03-25;Uppvärmning
Är det möjligt att installera bergvärmepump i mitt område?; Möjligheten att installera en bergvärmepump beror på lokala geologiska förhållanden och tillgänglighet av utrymme för borrhål. Kontakta din kommuns energi- och klimatrådgivning för råd. ;2024-03-25;Uppvärmning
Hur stort behöver huset vara för att bergvärme ska vara lönsamt att installera? ;Bergvärme är generellt lönsamt i hus där den årliga energianvändningen är relativt hög för uppvärmning och varmvatten och ligger över 25 000 kWh. ;2024-03-25;Uppvärmning
Hur kan jag reglera uppmurningen efter spotpriser?;Genom smart styrning styrs inomhus temperaturen efter elpriset. När elen är dyr sänks inomhustemperaturen och när den är billig höjs temperaturen. ;2024-03-25;Uppvärmning
Hur fungerar FTX-system? ;Ett FTX-system är ett ventilationssystem med både mekanisk till- och frånluft och återvinning av värmen i frånluften. Detta system ger en kontrollerad ventilation i hela huset och du kan spara mycket energi på värmeåtervinningen.;2024-03-25;Uppvärmning
Är det mest effektivt att styra värmen med luftluftvärmepumpen eller elradiatorer? ;Luftluftvärmepumpar är  mer energieffektiva än elradiatorer och bör användas som den primära värmekällan. Höja värmen på värmepumpen i första hand och om det behövs kan du höja värmen på elradiatorerna längst bort från värmepumpen. ;2024-03-25;Uppvärmning
Vad finns det för fördelar/nackdelar med ett vattenburet värmesystem? ;Ett vattenburet värmesystem är det vanligaste och mest effektiva värmesystemet. Varmt vatten cirkulerar i ett rörsystem till element, golvvärme eller värmefäktar som avgett värme. Det är flexibelt system jämfört med t.ex. direktverkande el eftersom du relativt enkelt kan byta ut värmekällan. Värmekällan kan t.ex. vara värmepanna, värmepump eller fjärrvärme. ;2024-03-25;Uppvärmning
Finns det rekommendationer för eller emot handdukstorkar anslutna till varmvattencirkulationen?;Handukstorkar ska inte anslutas till VVC-systemet på grund av risk för legionellatillväxt. ;2024-03-25;Uppvärmning
"Vad är ""smarta termostater""? ";Smarta termostater är en typ av termostater som kan anslutas till internet och styra ditt värmesystem på ett mer intelligent sätt. Systemet kan styras automatiskt t.ex. efter elpris, tid på dygnet, väder, inomhustemperatur eller manuellt. De kan också styras på distans via en app på din smartphone, vilket innebär att du kan justera värmen även när du inte är hemma. Med smarta termostartar kan du spara energi och öka komforten. ;2024-03-25;Uppvärmning
"Är det värt att installera ""smarta termostater""?";Ja, investeringen i smarta termostater kan vara värt det om du vill ha bättre kontroll, automatisering och potentiellt energibesparingar genom anpassad och optimerad uppvärmning.;2024-03-25;Uppvärmning
Hur kan vi optimera våran fjärrvärmecentral? ;Kontakta en expert för att genomföra en genomgång och justering av din fjärrvärmecentral. ;2024-03-25;Uppvärmning
Vi har både fjärrvärme och luftvärmepump, är det lämpligt att använda båda eller bör vi satsa på något av det?  ;Det kan vara lämpligt att använda både fjärrvärme och luftvärmepump om det kan optimeras för att minska den totala energikostnaden. De olika uppvärmningssystemen kan kopplas ihop på olika sätt. Vad som är bäst beror på de förutsättningar som finns i den aktuella byggnaden. ;2024-03-25;Uppvärmning
Kan jag ha olika uppvärmningssystem på olika våningar? ;Ja, det är möjligt att ha olika uppvärmningssystem på olika våningar. ;2024-03-25;Uppvärmning
Hur kombinerar jag olika värmesystem på bästa sätt? ;För att kombinera olika värmesystem effektivt är det viktigt att se till att de kompletterar varandra väl och att de styrs på så sätt att användningen optimeras.;2024-03-25;Uppvärmning
Går det att flytta värmen så alla rum värms upp med våran frånluftsvärmepump?;Ja, en frånluftsvärmepump återvinner värme från ventilationsluften och använder den för att värma upp det vattenburna värmesystemet som varmvatten och element. Genom att placera element utspritt i huset kan frånluftsvärmepumpen värma upp hela bostaden. ;2024-03-25;Uppvärmning
Vår övervåning används inte under längre perioder under året. Finns det några sätt att spara uppvärmningsenergi? ;Ja du kan sänka värmen på övervåningen när den inte används. Tänk på att inte sänka temperaturen för mycket eftersom det kan orsaka långsammare torkning av ytor som ytterväggar efter regn och öka risken för mögel på grund av kondens. Risken för mögel är störst under fuktiga perioder, som hösten, och om byggnaden hålls kall regelbundet. Även enstaka rum som kyls ner kan drabbas om fuktig luft läcker in. För att undvika fukt och mögel bör inomhusluften inte ha högre luftfuktighet än cirka 70 % över tid. En inomhustemperatur på runt 15 °C rekommenderas som en säkerhetsåtgärd.;2024-03-25;Uppvärmning
Är det energieffektivt att sänka temperaturen till 10 grader och stänga dörrarna till sällan använda rum i en villa med luftvärmepump, eller leder det till högre förbrukning när rummen värms upp igen?; Att sänka temperaturen i sällan använda rum kan vara energieffektivt, men det är viktigt att inte sänka för mycket för att undvika risk för fuktskador. En inomhustemperatur på runt 15 °C rekommenderas som en säkerhetsåtgärd.;2024-03-25;Uppvärmning
Vår bergvärmepump har hög energianvändning jämfört med referensvärden. Vad kan det bero på? ;Det kan bero på flera faktorer, såsom en dåligt dimensionerad värmepump, bristfällig isolering i huset, fel på värmepumpen eller att systemet behöver justeras eller underhållas. ;2024-03-25;Uppvärmning
Finns det möjlighet att själva se om vår bergvärmeinstallation är underdimensionerad? ; Tecken på att en bergvärmeinstallation är underdimensionerad kan vara att systemet är i konstant drift utan att uppnå önskad inomhustemperatur eller att elanvändningen är högre än förväntat. ;2024-03-25;Uppvärmning
Vad är återbetalningstiden för bergvärme? ; Återbetalningstiden för bergvärme varierar beroende en rad olika faktorer men brukar ofta ligga på mellan 5 och 10 år.;2024-03-25;Uppvärmning
Hur kan jag mäta verkningsgraden på mitt bergvärmesystem? ;Verkningsgraden för ett värmepump, känd som Koefficient of Performance (COP) eller värmefaktorn, mäts genom att jämföra hur mycket värme värmepumpen ger i förhållande till elanvändningen. ;2024-03-25;Uppvärmning
Går det att minska sin värmeanvändning genom att byta ut sin bergvärmepump eller krävs det även att ett nytt hål borras? ;Att byta till en ny och mer effektiv bergvärmepump kan minska energianvändningen. Oftast behöver du inte borra ett nytt hål men om hushållet behöver mer energi än vad borrhålet är dimensionerat för kan man borra mer. ;2024-03-25;Uppvärmning
Finns det något allmänt råd när det är lämpligt att byta ut ventiler och termostater? ;Injustering av värmesystemet är en viktig åtgärd för att säkerställa att alla delar av en fastighet har lämplig temperatur och att förhindra onödiga energiförluster. Det bör göras efter att andra åtgärder som påverkar värmeanvändningen genomförts. Temperaturskillnader i en byggnad kan indikera behovet av injustering. Att höja värmekurvan för hela fastigheten är inte en effektiv lösning och kan leda till slöseri med värme. Regelbunden injustering, som kan göras ungefär vart 10-15 år, är en kostnadseffektiv metod för att minska uppvärmningskostnaderna med 3-30% och anses vara en del av det sedvanliga underhållet.;2024-03-25;Uppvärmning
Bör jag byta termostater på alla radiatorer så de är likadana? ;Det är lämpligt att byta ut alla samtliga termostater samtidigt. ;2024-03-25;Uppvärmning
Finns det risk att mitt vattenburna värmesystem fryser om det blir elbortfall under vintern? Hur ska jag säkra upp för det? ;Ja, det finns en risk för att systemet kan frysa om det blir elbortfall under vintern under en längre period. Om det är risk för minusgrader inomhus under strömavbrotten kan du tömma samtliga system som innehåller vatten. Du kan även se över möjligheterna till värmesystem som inte kräver el. ;2024-03-25;Uppvärmning
Är det ur ett energiperspektiv bättre att diska för hand än att köpa en ny diskmaskin? ;Moderna diskmaskiner är ofta mer energi- och vatteneffektiva än att diska för hand, speciellt om du använder eco-program och diskar fulla maskiner.;2024-03-25;Uppvärmning
Finns det några begräsningar beträffande vedeldning? ;Att elda med ved kräver teknik för att undvika giftiga rökgaser, sot och tjära. Dålig eldningsteknik kan leda till luftföroreningar och ökad brandrisk. För att elda på ett säkert och miljövänligt sätt bör man använda torr ved och se till att det finns god lufttillförsel. Naturvårdsverket erbjuder information om korrekt vedeldning. https://www.naturvardsverket.se/vagledning-och-stod/luft-och-klimat/vedeldning/elda-med-ved-i-kamin-spis-och-ugn/ Det är även viktigt att vara medveten om lokala restriktioner i din kommun och att din eldning inte stör grannar, särskilt i tätbebyggda områden. ;2024-03-25;Uppvärmning
Är det ur ett energi- och ekonomiskt perspektiv värt att byta ut gammal utrustning? ;Ja, det kan vara fördelaktigt att byta ut gammal och ineffektiva system särskilt om systemet har hög energianvändning eller återkommande driftstörningar.;2024-03-25;Uppvärmning
Vad är smarta radiatorer? ;Smarta radiatorer uppkopplade och kan styras via en app. Dessa radiatorer kan anpassa värmeleveransen efter dina behov . Du kan exempelvis ställa in temperaturen för varje rum, vilken tid på dygnet du önskar att slå på värmen och på så sätt spara energi. ;2024-03-25;Uppvärmning
Kan vi spara energi på smarta radiatorer? ;Ja, genom att använda smarta radiatorer kan du styra din energianvändning och spara energi. ;2024-03-25;Uppvärmning
Hur kan jag styra mitt värmesystem på ett smart sätt? ;Det finns olika sätt att styra ditt värmesystem. Två vanliga varianter är tidsstyrning där temperaturen varierar över tid t.ex. sänks nattetid eller smart styrning där temperaturen inomhus styrs efter elpris. ;2024-03-25;Uppvärmning
Kan vi byta till tim-pris och ha en timer som slår av de dyraste timmarna? Hur många timmar vågar vi ha värmen av? ;Att byta till timpris och använda en timer för att undvika de dyraste timmarna kan vara fördelaktigt. HUR MÅNGA TIMMAR? ;2024-03-25;Uppvärmning
Är det en bra idé att investera i en ackumulatortank som ska värmas upp under natten så att jag har låg elförbrukning under dagen?;Det kan vara en bra idé att investera i en ackumulatortank om du har ett elavtal med varierande priser över dygnet. Genom att värma upp tanken under billigare eltimmar och använda värmen under dyrare timmar kan du spara pengar.;2024-03-25;Uppvärmning
Kan jag spara energi genom att installera en kontrollenhet för att sänka temperaturen i golvslingorna under dagen och höja den på natten när elpriset är lägre, för att säkerställa att huset är varmt på morgonen?;Att installera en kontrollenhet som kan sänka temperaturen i golvslingorna under delar av dygnet kan vara energieffektivt.;2024-03-25;Uppvärmning
Är det ekonomiskt att endast köra varmvattenproduktion på natten? ;Det kan vara ekonomiskt om du har ett billigare elpris på natten, men det beror på ditt elavtal och ditt uppvärmningssystem.;2024-03-25;Uppvärmning
Finns det luftvärmepumpar som även tar bort fukt likt en luftavfuktare? ;Vissa luftvärmepumpar har inbyggda funktioner som kan reducera luftfuktighet, likt en luftavfuktare.;2024-03-25;Uppvärmning
Är det energieffektivt att sänka temperaturen till 10 grader och stänga dörrarna till sällan använda rum i en villa med luftvärmepump, eller leder det till högre förbrukning när rummen värms upp igen?; Att sänka temperaturen i sällan använda rum kan vara energieffektivt, men det är viktigt att inte sänka för mycket för att undvika risk för fuktskador.;2024-03-25;Uppvärmning
Ska jag justera ventilationen under vintern för att minska att kall luft kommer in i huset? ;Det är viktigt att bibehålla god ventilation även under vintern för att undvika fukt och dålig luftkvalitet, även om det innebär att kall luft tillförs.;2024-03-25;Ventilation
Hur kan jag åtgärda problemet med en fuktig källare? ;Se över dräneringen runt huset, använd en avfuktare, och kontrollera att inget vatten läcker in.;2024-03-25;Ventilation i trapphus
Kan ventilationen påverkas av att installera 3-glas fönster? ;Ja, tätare fönster kan minska naturlig ventilation, vilket kan kräva justeringar i ventilationssystemet.;2024-03-25;Ventilation i trapphus
Ska jag justera ventilationen under vintern för att minska att kall luft kommer in i huset? ;Det är viktigt att bibehålla god ventilation även under vintern för att undvika fukt och dålig luftkvalitet, även om det innebär att kall luft tillförs.;2024-03-25;Ventilation i trapphus
Hur energieffektiv är gammal utrustning t.ex. varmvattenberedare jämfört mer ny och är det lönsamt att byta ut sin gamla utrustning?;Ja, nyare modeller är ofta mer energieffektiva och kan minska energiförbrukningen, vilket kan göra det lönsamt i längden.;2024-03-25;Hushållsel och elabbonemang
Drar utrustning el även när de är på standby? ;Ja, många apparater drar en liten mängd el även när de är i standby. Stäng av den helt genom att stänga av på apparatens strömbrytare eller dra ur kontakten från vägguttaget.;2024-03-25;Hushållsel och elabbonemang
Innebär det en betydande energibesparing att installera rörelsestyrd trapphusbelysning? ;Ja, det innebär ofta en betydande energibesparing att installera rörelsestyrd trapphusbelysning.;2024-03-25;Hushållsel och elabbonemang
Hur mycket minskar energianvändningen om jag sänker värmen med 1 grad på min golvvärme (elslingor)?;Att sänka temperaturen på golvvärmen i ditt hem kan bidra till att minska elanvändningen eftersom värmesystemet inte behöver arbeta lika hårt för att upprätthålla temperaturen. Besparingen kan variera beroende på flera faktorer, som isoleringen i bostaden, yttertemperaturen, husets storlek och värmesystemets effektivitet. ;2024-03-25;Hushållsel och elabbonemang
Är det möjligt att låna en elmätare från er? ;Det beror på kommunens tjänster. Kontakta din kommun för att se om de erbjuder utlån av elmätare.;2024-03-25;Hushållsel och elabbonemang
Finns det en risk att min nyinstallerade elmätare mäter fel? ;Det är ovanligt, men om du misstänker felaktig mätning, finns en viss ordning som Allmänna reklamationsnämnden (ARN) rekommenderar att du ska följa för att kolla upp riktigheten https://www.energimarknadsbyran.se/el/konsumentratt/klagoguide/elmataren-visar-fel/;2024-03-25;Hushållsel och elabbonemang
Vilken utrustning krävs till min elmätare för att få ut data i realtid? ;Du kan behöva en smart elmätare och tillhörande app eller system för att övervaka energianvändningen i realtid.;2024-03-25;Hushållsel och elabbonemang
Är det möjligt att byta ut lamporna i mina adventsljusstakar till LED-lampor? ;Oftast ja, men kontrollera att de nya LED-lamporna är kompatibla med befintliga armaturer och drivdon.;2024-03-25;Belysning
Vilket isoleringsmaterial ska jag välja? ;Valet av isoleringsmaterial beror på flera faktorer som isolervärde, klimat- och miljöpåverkan, kvalité, lämplighet, pris m.m. Det finns flera isolermaterial att välja mellan (t.ex. glasull, stenull) med olika egenskaper och måste användas på rätt sätt för att fungera bra och för att undvika skador på huset. ;2024-03-25;Ytterväggar
Hur mycket ska jag tilläggsisolera? ;Det beror på den nuvarande isoleringstjockleken. Generellt brukar det vara kostnadseffektivt att tilläggsisolera om nuvarande isolering är mindre än 20 cm och därefter tilläggsisolera upp till ca 40-50 cm total isolertjocklek. ;2024-03-25;Vind och tak
Vi funderar på att tilläggsisolera vinden. Vad finns det för risker med det?;När man tilläggsisolerar kan vinden bli kallare, vilket ökar risken för att fuktig luft från rummen nedanför kondenserar och skapar fuktproblem på vinden. Denna risk är högre vid hög inomhusfuktighet och stora temperaturskillnader genom byggnadens skal. För att förhindra detta bör vinden ventileras väl, vara försett med en effektiv ångspärr, och man bör kontrollera tryckskillnader och inomhusfuktighet.;2024-03-25;Vind och tak
Vilket isoleringsmaterial ska jag välja? ;Valet av isoleringsmaterial beror på flera faktorer som isolervärde, klimat- och miljöpåverkan, kvalité, lämplighet, pris m.m. Det finns flera isolermaterial att välja mellan (t.ex. glasull, stenull) med olika egenskaper och måste användas på rätt sätt för att fungera bra och för att undvika skador på huset. ;2024-03-25;Vind och tak
Vilka är de vanligaste orsakerna till kalla golv?;Otillräcklig isolering under golvet, kalla luftströmmar från ventilationsöppningar eller trasiga tätningar runt golvet kan vara orsaker.;2024-03-25;Golv
Hur kan jag förbättra isoleringen under golvet?;Installera isoleringsmaterial under golvet eller använd mattor och täcken för att minimera kyla från marken.;2024-03-25;Golv
Vilket isoleringsmaterial ska jag välja? ;Valet av isoleringsmaterial beror på flera faktorer som isolervärde, klimat- och miljöpåverkan, kvalité, lämplighet, pris m.m. Det finns flera isolermaterial att välja mellan (t.ex. glasull, stenull) med olika egenskaper och måste användas på rätt sätt för att fungera bra och för att undvika skador på huset. ;2024-03-25;Golv
Är tilläggsisolering av grunden en kostnadseffektiv åtgärd för att minska uppvärmningskostnader?;Tilläggsisolering av grunden kan vara lönsamt om det görs i samband med andra åtgärder, såsom omdränering av husgrunden.;2024-03-25;Golv
Vad är typiskt U-värde för 2-glasfönster, 3-glasfönster och nya energifönster? ;Typiska U-värden är omkring 2,4-2,6 W/(m²K) för 2-glasfönster, runt 1,8-2,1 W/(m²K) för 3-glasfönster och runt 1 W/m för nya energifönster.;2024-03-25;Fönster
Vad innebär kallras? ;Kallras är när dåligt isolerande fönster kyler ned luften närmast fönsterglaset i rummet. Den kalla luften sjunker då mot golvet, eftersom kall luft är tyngre än varm luft, medan den uppvärma inomhusluften är lättare och därför stiger. Det här gör att golvytan kyls ned av den kalla luften. ;2024-03-25;Fönster
Hur mycket energi sparar nya fönster?;Den exakta besparingen varierar beroende på fönsternas befintliga skick och kvalité, men nya fönster kan leda till betydande energibesparingar. Till exemplet släpper ett nytt energieffektivt fönster  bara igenom en tredjedel av den värme som ett äldre tvåglasfönster gör.;2024-03-25;Fönster
Riskerar huset att bli för tätt med nya fönster? Behövs aktiv ventilation? ;Moderna fönster kan göra huset tätare, vilket är bra för energieffektiviteten, men det kan också kräva att man ser över behovet av ventilation för att säkerställa god inomhusluftkvalitet. Aktiv ventilation som mekanisk frånluftsventilation eller FTX-system (från- och tilluftsventilation med värmeåtervinning) kan vara nödvändigt i ett välisolerat hus.;2024-03-25;Fönster
Vilken är den lägsta temperaturen vi kan ställa in vår vattenberedare på för att spara energi? ;Den lägsta rekommenderade temperaturen är 60°C i varmvattenberedare och 50°C vid alla tappställen. Detta för att skydda mot legionellatillväxt.;2024-03-25;Tappvarmvatten
Blir vattnet i varmvattenberedaren ”otjänligt” om den stängs av och inte heller används under någon/några månader?;Ja, om varmvattenberedaren stängs av och inte används under flera månader finns det en risk för att legionellabakterier växer till på grund av för låg temperatur, särskilt om vattnet blir stillastående. För att vara säker rekommenderas att beredaren töms när den inte ska användas. När man sedan startar upp beredaren igen bör den ställas in på en extra hög temperatur i åtminstone ett dygn.;2024-03-25;Tappvarmvatten
Måste varmvattenberedaren stå på året runt även om vi inte befinner oss i huset? ;Att stänga av varmvattenberedaren ökar risken för tillväxt av legionellabakterier på grund av låg temperatur och stillastående vatten. För att minska risken bör beredaren tömmas vid längre avstängning och värmas upp till en hög temperatur i minst ett dygn vid återstart. Kortare avstängningar kan vara riskfyllda och inte nödvändigtvis energieffektiva eftersom uppvärmningsfasen drar mycket energi.;2024-03-25;Tappvarmvatten
Kan ni ge rekommendationer kring val av varmvattenberedare och installatör? ;Här följer några tips vad du kan tänka på när du ska köpa en ny varmvattenberedare: 1) En värmepumpsberedare använder mindre el än en klassisk varmvattenberedare, 2) Anpassa storlek efter varmvattenbehov. Generellt brukar en varmvattenberedare på 200 liter räcka för en familj på fyra till fem personer, 3) För att minska värmeförlusterna bör varmvattenberedare vara väl isolerad, 4) Vattenkvalitén där du bor avgör materialvalet för varmvattenberedaren 5) många varmvattenberedare går att få förbereda dör inkoppling till flera energikällor t.ex. solvärme. Här kan du hitta tips när du ska hitta och välja företag: https://www.energiradgivningen.se/hitta-och-valja-foretag/;2024-03-25;Tappvarmvatten
Vad är en bra temperaturinställning för uppvärmning?;Det rekommenderas att hålla temperaturen mellan 18-21 grader för optimal komfort.;2024-03-25;Inomhusluft
Vad kan jag göra om jag fortfarande har problem med kylan efter att ha vidtagit åtgärder?;Kontakta din hyresvärd eller fastighetsförvaltare för att rapportera problemet och be om professionell inspektion och åtgärd.;2024-03-25;Inomhusluft
Varför kommer det kall luft från min frånluftskanaler?;Det kan bero på att ventilationskanalerna är otäta eller att det finns drag genom ventilationsflödet.;2024-03-25;Inomhusluft
Vilken inomhustemperatur rekommenderas för att minimera kondens?;Håll en jämn inomhustemperatur och undvik stora temperaturskillnader mellan rum för att minska kondensrisken.;2024-03-25;Inomhusluft
Kan jag använda avfuktare för att förhindra kondens på fönstren?;Ja, avfuktare kan hjälpa till att minska fuktigheten i luften och därigenom minska kondensbildningen.;2024-03-25;Inomhusluft
"Hur ser den generella rekommendationen avseende torkmöjligheter i BRF ut? 
";I tvättstugan används mycket energi och det kan vara värt att se över tvätt- och torkutrustning eftersom det har skett en snabb teknikutveckling både avseende energi- och vattenanvändning. Idag finns det energisnåla torkskåp, torktumlare och avfuktare med värmepumpsteknik som använder mycket mindre energi jämfört med traditionella lösningar. Här kan du få energitips i tvättstugan. https://www.energiradgivningen.se/faktablad-och-broschyrer/;2024-03-25;Tvättstuga
Vilket är det mest energisnåla sättet att torka tvätt? ;Det mest energisnåla sättet att torka tvätt är ofta att hänga tvätten på tork i ett välventilerat utrymme där luften naturligt kan cirkulera och avlägsna fukten, som på en torkvinda utomhus under gynnsamma väderförhållanden. Om detta inte är möjligt, finns det idag energisnåla torkskåp och torktumlare med värmepumpsteknik som använder mindre energi jämfört med traditionella lösningar. Även avfuktare med värmepumpsteknik kan användas i torkrum. ;2024-03-25;Tvättstuga
Är det ekonomiskt att installera solceller? ;Installation av solceller kan vara ekonomiskt lönsamt på lång sikt. Återbetalningstiden beror på installationens kostnad, energipriser, solinstrålning och eventuella statliga stöd eller skattereduktioner. Efter initiala investeringen kan solceller minska eller till och med eliminera elräkningar och potentiellt generera inkomst genom försäljning av överskottsel.;2024-03-25;Solcell
Är det miljömässigt motiverat att installera solceller? ;Den största miljöpåverkan sett till solcellers livscykel uppstår vid själva tillverkningen. Energiåterbetlaningstid, d.v.s. den tid det tar för anläggningen att producera lika mycket energi som det går att  tillverka, transportera och driva den, är i en svensk kontext ca två till tre år. Det kan jämföras med solcellens beräknade livslängd som är ca 25-30 år. Miljömässiga fördelar med solceller är att de producerar förnybar energi och bidrar till minskade utsläpp av växthusgaser genom att ersätta energi från fossila bränslen, det är dessutom tysta och stör inte omgivningen. Produktionen och användningen är nära varandra vilket minskar överföringsförluster i elnäten och de tar inte någon ytterligare mark i anspråk om de placeras på hustak. ;2024-03-25;Solcell
Vad är återbetalningstiden för solceller?;Återbetalningstiden varierar beroende på flera faktorer såsom installationens storlek, kostnaden, solinstrålning och elpriser. Genomsnittligt kan återbetalningstiden i Sverige ligga mellan ca 10 och 15 år.;2024-03-25;Solcell
Är det lönsamt att installera batteri till min solcellsanläggning?;Batterilager är en stor investering så det är bra att ta fram en kalkyl och utifrån den avgör om det är värt en investering. ;2024-03-25;Solcell
"Om vi skaffar solceller, bör vi även skaffa batteri?
";Det är ingen nödvändighet att installera ett batteri till din solcellsanläggning men det kommer med en rad nyttor. Exempelvis kan du lagra den överskottsel som sin solcellsanläggning producerar och använda elen när inte solen lyser. Det gör att du generellt kan få mer användning av din egen producerade solel och bli mer självförsörjande. Batterier kan även användas för att kapa effekttoppar och på så sätt kan du sänka huvudsäkringen. ;2024-03-25;Solcell
Kostar det pengar att sälja överproduktion från min solcellsanläggning till elnätet? ;Ja, som mikroproducent behöver du betala en nätavgift när du säljer din solel. Avgiften får tas ut av elnätsleverantören. ;2024-03-25;Solcell
Hur ska jag placera mina solceller? ;Solceller ska placeras där de får maximalt med solljus, oftast på tak som är orienterade från sydost till sydväst. Lutningen bör vara mellan 15° till 60° från horisontalläget. För maximal nytta är det även viktigt att undvika skuggning från exempelvis träd eller andra byggnader. ;2024-03-25;Solcell
Är det möjligt att installera solceller på marken?;Ja, det är möjligt att installera solceller på marken, förutsatt att man har tillräckligt med utrymme och att det inte strider mot några lokala förordningar eller planbestämmelser. Kontakta din kommuns byggnadsnämnd för att kontrollera om bygglov krävs eller inte. ;2024-03-25;Solcell
Vilka riktlinjer finns gällande placering av solceller på fasad? ;Ja, det är möjligt att installera solceller på fasaden men det är inte lika effektivt som att installera solceller på taket. ;2024-03-25;Solcell
Jag vill installera solceller, hur går jag tillväga?;Energimyndigheten har tagit fram en solelportal där du som privatperson, förening eller företag kan få hjälp med din solelsinstallation. Du guidas steg för steg genom processen från idé till färdig  anläggning https://www.energimyndigheten.se/fornybart/solelportalen/. ;2024-03-25;Solcell
Finns det krav på det tak där vi planerar att installera solceller? ;Taket måste ha tillräcklig hållfastighet för att klara den extra vikt som solcellerna innebär. Det är sällan ett problem då taken ofta är dimensionerade för att kunna bära mer vikt än vad solcellerna innebär. Det är dock viktigt att säkerställa innan montering. Om du är osäker kontakta en fackman, konstruktör eller snickare för att säkerställa hållfastheten. Solcellernas livslängd är vanligen mellan 25-30 år och för att slippa montera ner solcellerna är det bra om taket håller lika länge. Om du planerar att lägga om taket är den en bra idé att samtidigt montera solceller. Det finns dessutom solceller som kan ersätta takplattor. Utöver takets skick spelar takets riktning, lutning, solstrålning och skuggning roll. Läs mer på energimyndighetens Solelportal https://www.energimyndigheten.se/fornybart/solelportalen/;2024-03-25;Solcell
Är det möjligt att installera solceller på sin balkong? ;Ja, det är möjligt att installera solceller på sin balkong. ;2024-03-25;Solcell
Krävs det bygglov/bygganmälan för att installera solceller? ;Solenergianläggningar kräver i vissa fall bygglov. Den 1:a augusti 2018 infördes undantagskriterier för krav på bygglov vilket underlättat installationsprocessen. För att uppfylla dessa krav måste anläggningen bland annat följa byggnadens form och den får inte monteras på byggnader som anses särskilt värdefulla eller ligga inom eller i anslutning till områden som är av riksintresse för försvaret. Läs mer om reglerna på Boverkets hemsida eller kontakta din kommunala bygglovsavdelning.;2024-03-25;Solcell
Varför kan kommunen hindra vårt område att installera solceller?;Ett byggnadsverk eller ett bebyggelseområde som är särskilt värdefullt från historisk, kulturhistorisk, miljömässig eller konstnärlig synpunkt kan begränsa installationen av solceller.;2024-03-25;Solcell
Jag vill installera solceller men min bostad är kulturmiljöskyddat, vad finns det för riktlinjer? ;Kontakta din kommuns byggnadsnämnd för specifika riktlinjer. Ofta finns det strängare regler som kan begränsa installationen eller kräva speciell design för att bevara byggnadens estetiska och historiska värde.;2024-03-25;Solcell
Finns det restriktioner när det kommer till att installera solceller i närheten av en flygplats? ;Det kan finnas restriktioner som rör reflektion och hinder för flygtrafiken. Kontakta din kommuns byggnadsnämnd för specifik information.;2024-03-25;Solcell
Varför finns inte min adress med på solkartan? ;En del byggnader kan sakna information om solinstrålning. Det kan vara så att lutning och solexponering av taket inte har kunnat fastställas på grund av bristande höjdinformation. I vissa fall har takets material bidragit till att laserstrålarna absorberats istället för reflekterats, vilket medfört att väldigt lite eller ingen höjddata kunnat fångas. Det kan också vara så att byggnaden har byggts efter att laserskanningen utförts. Den här typen av data uppdateras sällan, den senaste höjddatan för de flesta kommuner är från 2015. ;2024-03-25;Solcell
Tar solkartan hänsyn till taklutning eller räknar den på plat tak? ;Ja solkartan tar hänsyn till lutningen på ditt tak. Däremot tar inte Solkartan hänsyn till skuggningseffekter från träd och annan vegetation, utan endast skuggning från andra byggnader och föremål på byggnader såsom skorstenar.;2024-03-25;Solcell
Vi funderar på att installera solceller men vet inte om vi har tillräckligt med sol, hur går vi vidare? ;Använd Solkartan för att undersöka om hur mycket solenergi som når ditt tag och gör en bedömning om det är lämpligt att installera solceller. Solkartan hittar du här https://www.energiradgivningen.se/solkartan/ ;2024-03-25;Solcell
Hur kan jag räkna på hur mycket sol vi får på taket? ;Initialt kan du använda Solkartan för att undersöka potentialen för solvärme och om det är värt att undersöka solenergi närmare. Om potentialen finns är det en god idé att kolla in Solportalen som Energimyndigheten har tagit fram där du som privatperson, förening eller företag kan få hjälp med din solelsinstallation. Du guidas steg för steg genom processen från idé till färdig anläggning. https://www.energimyndigheten.se/fornybart/solelportalen/;2024-03-25;Solcell
Vad är skillnaden mellan integrerade och utanpåliggande solceller? ;Integrerade solceller är infällda i tak- eller fasadmaterial och utgör en del av byggnadens ytskikt, medan utanpåliggande solceller monteras ovanpå befintliga tak och är mer synliga.;2024-03-25;Solcell
Är det möjligt att installera solceller till min gamla elpanna? ;Solceller producerar elektricitet och kan inte direkt anslutas till en elpanna, men elen de genererar kan användas för att driva en elpanna eller annan eldriven uppvärmningsanordning.;2024-03-25;Solcell
Är det möjligt att koppla solceller till min varmvattenberedare? ;Ja, det är möjligt att använda solcellsgenererad elektricitet för att driva en eldriven varmvattenberedare.;2024-03-25;Solcell
Hur lång livslängd har solpaneler? Skiljer det sig mellan olika typer? ;De flesta solpaneler har en förväntad livslängd på 25-30 år. Livslängden kan variera beroende på typ och kvalitet.;2024-03-25;Solcell
Finns det mer estetiskt tilltalande solcellslösningar? ;Ja, idag erbjuder marknaden olika estetiskt tilltalande lösningar som solcellstakpannor eller integrerade solceller som blir en integrerad del av taket och är mindre synliga.;2024-03-25;Solcell
Vilken storlek bör växelriktaren ha? ;Växelriktaren dimensioneras efter solcellsanläggningens effekt. Ofta underdimensioneras den med ca 10-20% mindre än systemets topp effekt. ;2024-03-25;Solcell
Är det möjligt att sälja sin överskottsel? ;Ja, om du producerar med el än vad du använder kan du sälja din överskottsel till elnätet. Du blir en så kallad mikroproducent. För att sälja din överskottsel behöver din anläggning vara nätansluten. Du behöver även meddela ditt elnätsföretag så du får ett så kallat inmatningsabonnemang. därefter behöver du teckna ett avtal med ett elhandelsföretag som kan ta emot din överskottsel. Kolla efter elhandelsföretag som erbjuder bra avtal. Många köper överskottsel till spotpris minus avdrag och det finns elhandelsföretag med specialerbjudande t.ex. som erbjuder högre ersättning under avtalets första år.  ;2024-03-25;Solcell
Får jag ersättning för att sälja min överskottsel?;Ja, du kan få ersättning på flera olika sätt genom att sälja sin överskotts el. Först och främst får du ersättning för den el du säljer till elnätsföretaget. Ersättningen beror på avtalet med ditt elhandelsföretag. Du kan också få skattereduktion, ersättning för inmatning av el på nätet och ersättning för ursprungsgarantier. Skattereduktionen  ligger på 60 öre per kWh för all el som matas in på elnätet. Du kan högst få reduktion för 30 000 kWh och 18 000 kr per år och anslutningspunkt. Ersättnings för inmatning på elnätet, som även kallas nätnytta, är elnätsföretaget skyldig att betala ut för den solcellsel som  solcellsägare matar in på elnätet. Det beror bland annat på att man bidrar till minskade energiförluster genom att elen produceras nära förbrukningen. Ersättningen varierar mellan elnätsbolag och, ibland, geografisk placering. Som elproducent kan du få ursprungsgarantier för varje producerad MWh. För att få en intäkt från dina ursprungsgarantier måste du sälja dom. Priset på ursprungsgarantier varierar och bestäms mellan köpare och säljare vid respektive affär. Läs mer om vilka intäkter du kan få för din överskottsel här https://www.energimyndigheten.se/fornybart/solelportalen/vilka-stod-och-intakter-kan-jag-fa/fordjupning-om-lopande-intakter/;2024-03-25;Solcell
Finns det någon samlad information kring vilka regelverk som styr en försäljning av el från sol/batteri ut på nätet?;Energimyndighetens Solelportal;2024-03-25;Solcell
Har hört talas om något som heter optimerare, vad är det och varför är det bra att ha?;Optimerare används för att maximera effektiviteten för varje solpanel individuellt och är lämpligt att installera om solpanelerna  är skymda av skygga eller om panelerna är orienterade i flera riktningar. Det säkerställer att solcellsanläggningen alltid producerar maximalt effekt. ;2024-03-25;Solcell
Taket får en del skugga på olika delar av taket, under olika delar av dagen pga träd, men ligger i övrigt i bra riktning. Är det något särskilt man ska tänka på när det gäller detta när man begär en offert? ;När man begär en offert bör man nämna eventuell skuggning eftersom det kan påverka systemets utformning och valet av komponenter som optimerare;2024-03-25;Solcell
Har ni en lista på solcellsleverantörer? ;Här har vi sammanställt tips på hur du kan hitta företag och vad du ska tänka på innan du anlitar någon https://www.energiradgivningen.se/hitta-och-valja-foretag/.;2024-03-25;Solcell
Kan jag kontakta er för rådgivning gällande solceller? ;Ja, kontakta din kommuns energi- & klimatrådgivare om du behöver opartisk råd eller information om din solcellsinstallation. ;2024-03-25;Solcell
Vad är skillnaden på solfångare och solcell? ;Solfångare använder solens strålar för att producera varmvatten medans solceller producerar el. ;2024-03-25;Solfångare
Går det att värma vattnet i min varmvattenberedare med solvärme? ;Ja, det finns varmvattenberedare som är förberedda för solvärme. ;2024-03-25;Solfångare
Kan jag använda solfångare för att värma upp mitt hus? ;Ja, Solfångare kan användas för att värma upp tappvarmvatten eller för att bidra till uppvärmningen av ett hus. Det är viktigt att de kan integreras med befintliga värmesystem. Ofta kombineras solvärme med annat vattenburet värmesystem t.ex. biobränslebaserade värmepannor. Solvärmen tar hand om varmvatten under sommaren, medan det andra systemet används för värme under vintern. Uppvärmningssystemet kopplas till en ackumulatortank som blir central den av värmesystemet. Solvärme kan även komplettera eluppvärmda hus, men då endast för uppvärmning av tappvarmvatten.;2024-03-25;Solfångare
Vad kostar det att installera en laddstation till min elbil? ;En laddbox kostar ungefär mellan 12 000-20 000 kr för utrustning och installation. En laddstolpe kostar ungefär mellan 20 000-50 000 kr för utrustning och installation. Kostnaden  varierar beroende på laddboxen/laddstolpens typ, installationens komplexitet och behov av markarbeten och elarbeten. Privatpersoner kan utnyttja skattereduktion för grön teknik vid installation av laddplats läs mer här XXX;2024-03-25;Ladda elbil
Jag vill fixa laddplats, hur går jag tillväga? ;Energi & Klimatrådgivningen har tagit fram en steg för steg guide som gör det enklare för dig att fixa laddplats. Ta del av guiden här https://www.energiradgivningen.se/ladda-din-elbil-hemma/. Första steget är att undersöka förutsättningarna. Därefter behöver du välja typ av laddutrustning och ta in offerter. När du bestämt dig för typ av laddutrustning och leverantör beställer du laddutrustning och arbete. Slutligen kan installationen börja!;2024-03-25;Ladda elbil
Är det OK att installera laddbox inomhus i ett garage?;Ja, det är möjligt och vanligt att installera laddboxar inomhus i garage.;2024-03-25;Ladda elbil
Är det möjligt att uppgradera befintliga motorvärmare till laddstolpar? ;Ja det är möjligt att konvertera befintliga motorvärmare till laddstolpar. ;2024-03-25;Ladda elbil
Krävs det att branldarm i garadet som är kopplat till de boende för att installera elbilsladdare? ;Nej, det finns inte ett sådant krav.;2024-03-25;Ladda elbil
Är det möjligt att ladda sin elbil i befintlig motorvärmare?;Det är möjligt att använda motorvärmare för att ladda sin elbil men det är inte rekommenderat mer än i nödfall. Motorvärmaruttag är inte lämpat för normalladdning annat än kortare tid och under uppsikt. Komponenter och kablar är inte gjorda för flera timmars laddning och den värmealstring som kan uppstå. Den jordade kabeln, med så kallad schucko-kontakt, som ofta medföljer elbilen ska endast ses som en reservlösning av elsäkerhetsskäl. Laddning med schucko-kontakt kan på sikt leda till överbelastning med exempelvis varmgång i eluttag, i kopplingspunkter och i elcentralen med risk för brand. Det kan också finnas en risk att fastighetens jordfelsbrytare inte skyddar vid fel om den inte är anpassad för laddning av elbilar. Använd inte förlängningssladdar eller grenuttag vid laddning.;2024-03-25;Ladda elbil
Vi vill ha fler laddstolar på gatorna utanför våra bostäder men Stockholm stad äger marken, hur går vi till väga? ;Kontakta Stockholm stad eller din lokala kommun för att diskutera möjligheten att installera laddstolpar på kommunens mark.;2024-03-25;Ladda elbil
Hur många lägenheter kan utnyttja samma laddbox och kan det finnas möjlighet att ladda fler än en bil samtidigt? ;Ja det är möjligt att flera hushåll nyttjar samma elbilsladdare och det finns olika typer av laddstolpar/boxar med ett eller två uttag för laddning. ;2024-03-25;Ladda elbil
Kan flera användare på samma laddbox få strömmen debiterad till sin privata elmätare?;Ja, det är möjligt genom …;2024-03-25;Ladda elbil
Vad är snabbladdare? ;Snabbladdare har en hög effekt och därmed kortare laddningstider. Snabbladdning definieras som laddning med effekt över 50kW. Snabbladdare är ofta strategiskt placerade t.ex. utmed Sveriges större vägar. För hemmaladdning där bilen står placerad en längre tid räcker det vanligvis  med att installera en laddare med låg effekt . Det är också den mest kostnadseffektiva lösningen.;2024-03-25;Ladda elbil
Är det möjligt att teckna ett separat elnätsabonnemang för en enskild laddplats i en BRF?;Ja, det är möjligt att teckna elätsabbonemang till en enskild laddplats om varje hushålll använder sin egen laddstolpe. Då betalar man själv för elen man förbrukar direkt till elleverantören. ;2024-03-25;Ladda elbil
Hur bör en bostadsrättsförening bäst hantera debiteringen av för kostnaden att ladda bilen och vad gäller kring moms?;Det finns olika system för en BRF att  debitera för elen som används för att ladda elbilen. Ett exempel är att ha individuell mätning och debitering där varje hushåll som nyttjar laddningen betalar för varje kWh de använder direkt till BRF:en. Ett annat exempel är att lägga på en schablonavgift som läggs på parkeringsavgiften för varje bil som nyttjar laddplatsen. Ett sista exempel är att varje laddplats har sitt eget elnätsabonnemang om varje hushåll använder en egen laddstolpe. Då betalar men själv för den el man använder direkt till elleverantören.  Man kan också låta en leverantör av laddutrustning mäta och debitera varje användare separat. Momsregistrering kan vara nödvändig beroende på hur försäljningen av el hanteras och vilka volymer som är involverade. Från januari 2020 behöver el, vatten och gas som inte ingår i avgiften utan istället debiteras efter beläggas med moms. Det innebär att föreningen kan behöva momsregistreras för att kunna debitera de boende för den el som använts vid en laddplats. En bostadsrättsförening kan dock bli befriad från att betala moms på försäljning av exempelvis el, vatten och värme, om föreningens årsomsättning inte överstiger 80 000 kronor per år. När föreningen räknar ut årsomsättningen ska även intäkter i form av årsavgifter och hyror vara med i beräkningen Kontakta Skatteverket för att få mer information om hur detta påverkar er förening.;2024-03-25;Ladda elbil
Vi är en BRF som vill fixa laddplaster, hur får vi tillväga? ;Energi- & klimatrådgivningen har tagit fram en steg för steg guide för BRF:er som vill fixa laddplats https://www.energiradgivningen.se/faktablad-och-broschyrer/ ;2024-03-25;Ladda elbil
Kärävs det ändring i anläggningsbeslut för att anlägga laddstolpar? ;Om laddpunkter inte ingår i det ursprungliga anläggningsbeslutet behöver anläggningsbeslutet omprövas. Alla medlemmar i samfällighetsföreningen behöver inte vara överens för att en ansökan ska kunna skickas in eller för att en omprövning ska kunna genomföras.;2024-03-25;Ladda elbil
Vi är en samfällighet som vill fixa laddplaster, hur får vi tillväga? ;Energi- & klimatrådgivningen har tagit fram en steg för steg guide för samfälligheter som vill fixa laddplats https://www.energiradgivningen.se/faktablad-och-broschyrer/;2024-03-25;Ladda elbil
Vi önskar komma i kontakt med andra sammfäligheter som installerat laddstolpar.;Finns det goda exempel för samfälligheter?  På Energi- & klimatrådgivningens hemsida under goda exemepl kan ni hitta exempel där BRF:er fixat laddplatser.;2024-03-25;Ladda elbil
Kan de boende i en samfällighet betala för sin faktiska elanvändning av laddstolpar?;Ja, men för att varje fastighetsägare ska kunna betala för sin egen elanvändning krävs det dock att anläggningsbeslutet möjliggör detta.;2024-03-25;Ladda elbil
Vem betalar för laddningen av elbilen i en sammfällighet? ;Ett vanligt sätt är att installera elmätare på varje laddplats, som gör att varje boende i samfälligheten själv betalar för den el som nyttjas vid laddning.;2024-03-25;Ladda elbil
Krävs det bygglov för att installera solceller? ;Solenergianläggningar kräver i vissa fall bygglov. Den 1:a augusti 2018 infördes undantagskriterier för krav på bygglov vilket underlättat installationsprocessen. För att uppfylla dessa krav måste anläggningen bland annat följa byggnadens form och den får inte monteras på byggnader som anses särskilt värdefulla eller ligga inom eller i anslutning till områden som är av riksintresse för försvaret. Läs mer om reglerna på Boverkets hemsida eller kontakta din kommunala bygglovsavdelning.;2024-03-25;Lag och krav
Krävs det några tillstånd/bygglov för att byta värmesystem? ;För att byta värmesystem kan det krävas olika tillstånd beroende på värmesystemets typ och omfattning av arbete. Kontakta din kommun för att få reda på vilka regler som gäller.;2024-03-25;Lag och krav
Kommer det komma krav kring energiklasser? ; Det finns EU-direktiv som ställer krav på energieffektivitet och energiklasser för nya byggnader och vid större renoveringar. Det är troligt att dessa krav kommer att fortsätta utvecklas för att främja energieffektivitet.;2024-03-25;Lag och krav
krävs det bygglov för att installera en braskamin? ;Du behöver oftast göra en anmälan för att installera eller väsentligt ändra en eldstad eller rökkanal. För en ny skorsten behöver du generellt söka bygglov om den påverkar byggnadens yttre utseende väsentligt. ;2024-03-25;Lag och krav
Vilka tillstånd krävs för bergvärme? ;Du behöver oftast söka tillstånd hos kommunen för att borra för bergvärme. Information hittar du vanligtvis på kommunens hemsida. ;2024-03-25;Lag och krav
Vad innebär IMD? ;Individuell mätning och debitering (IMD) av uppvärmning eller varmvatten på lägenhetsnivå innebär att varje lägenhetsinnehavare betalar för sin egen energianvändning istället för att den ingår i hyran. Särskilda mätare läser av hur mycket värme eller varmvatten respektive lägenhet använder på liknande sätt som för hushållsel.;2024-03-25;Lag och krav
Vår fastighet är äldre och vi är osäkra på om rimliga förutsättningar för IMD finns eller om vi ska satsa på energieffektivisering?;Om det inte är tekniskt genomförbart eller om åtgärden inte är proportionell till möjliga energibesparingar, behöver IMD-utrustning inte installeras. Detsamma gäller för värme om fastighetsägaren har planerat andra konkreta energieffektiviserande åtgärder som medför lägre energianvändning än gällande gränsvärden.;2024-03-25;Lag och krav
Finns det lagstiftning avseende IMD?;Från 1 juli 2021 gäller krav på IMD av värme i vissa flerbostadshus. Regeringen har beslutat att krav på IMD värme enbart gäller i de flerbostadshus som har sämst energiprestanda. För Stockholmsregionen gäller kraven de fastigheter med en energiprestanda över 200 kWh/kvm. Krav på installation av IMD för tappvarmvatten gäller alla befintliga flerbostadshus vid en ombyggnad där det sker en väsentlig ändring av befintliga installationer för tappvarmvatten för hushållsbruk eller en väsentlig ändring av befintligt system samt i alla nya flerbostadshus. Det finns undantag från krav på IMD vilket det går att läsa mer om på Boverketshemsida https://www.boverket.se/sv/byggande/bygg-och-renovera-energieffektivt/IMD/. ;2024-03-25;Lag och krav
Vad innebär MEPS?;Minimum Energy Performance Standards (MEPS) syftar till att förbättra energiprestandan i byggnader.  MEPS innebär att krav ställs på befintliga byggnader att uppnå en viss energiprestanda till ett visst årtal.;2024-03-25;Lag och krav
Jag funderar på att installera vertikala vindturbiner på fastighetens tak, vilka tillstånd krävs och vart söker jag tillståndet? ;Bygglov krävs för uppförande, flyttning eller väsentlig ändring av vindkraftverk som uppfyller minst ett av följande kriterier: 1) är högre än 20 meter över markytan, 2) placeras på ett avstånd från gränsen som är mindre än kraftverkets höjd över marken, 3) monteras fast på en byggnad eller 4) har en vindturbin med en diameter som är större än tre meter. En bygganmälan måste däremot alltid göras. Bygglov och bygganmälan görs hos kommunen. Andra tillstånd, dispens eller anmälan enligt annan lagstiftning kan också krävas. Kontakta Länstyrelsen i din region för mer information. ;2024-03-25;Lag och krav
Hur kan jag förbättra vår bostads energiklass?;För att förbättra byggnadens energiklass kan du se över om det är möjligt att förbättra byggnadens isolering, installera energieffektiva fönster och dörrar, uppgradera eller optimera värmesystemet, installera energieffektiva hushållsapparater och belysning, använda smarta hem-system för att styra och optimera energianvändningen, installera förnybara energikällor (t.ex. solceller), se över ventilationssystemet osv. Ett tips är att kolla byggnadens senaste energideklaration. Där får du relevanta förbättringsförslag från en certifierad energiexpert som hjälper dig att sänka energiförbrukningen för din byggnad.  ;2024-03-25;Energideklaration
Kommer installation av AC-pump/luftvärmepump avsedd för att kyla ner, påverkar husets energiklass negativt?;En luftvärmepump som används för kylning kan påverka husets energiklass negativt om den leder till ökad energianvändning.;2024-03-25;Energideklaration
Är det obligatoriskt med giltig deklaration vid försäljning? Finns det andra krav?;Ja, den som äger en byggnad ska se till att det finns en giltig energideklaration vid försäljning av en byggnad. Energideklarationen ska vara högst tio år gammal. ;2024-03-25;Energideklaration
Hur ofta behöver vi förnya vår energideklaration? ;En energideklaration är giltig i tio år och behöver förnyas därefter. Om större energieffektiviserande renoveringar har genomförts kan det dock vara fördelaktigt att göra en ny energideklaration tidigare för att spegla förbättringarna.;2024-03-25;Energideklaration
Hur påverkar elanvändningen mitt elpris?;Högre elanvändning resulterar vanligtvis i högre elkostnader på din elräkning.;2024-03-25;Avtal el
Finns det en koppling mellan vädret och min elanvändning?;Ja, extrema temperaturer kan påverka kyl- eller värmesystemets arbetsbelastning och därmed öka elanvändningen.;2024-03-25;Avtal el
Jag ska teckna nytt elavtal, vad behöver jag tänka på?;Jämför olika elhandelsföretags erbjudanden, bestäm om du vill ha fast, rörligt eller timprisavtal, kontrollera avtalets längd och eventuella bindningstider, se över villkor för uppsägning och omprövning av avtalet, undersök om elen är miljömärkt eller producerad från förnybara källor. ;2024-03-25;Avtal el
Vilka tider är elen som dyrast? ;Elpriset styrs av tillgång och efterfrågan. När det finns mycket el och efterfrågan är låg är elen billig och tvärt om när det produceras lite el och efterfrågan är hög är elen dyr. Därför är elen ofta dyrast på morgonen och kvällen när måna använder el för uppvärmning, belysning, hushållsapparater m.m. Under natten när många sover är elen som billigast. ;2024-03-25;Avtal el
Hur stor roll spelar elavtalet i den totala elkostnaden för ett hushåll? ;Elavtalet spelar en stor roll i den totala elkostnaden eftersom det avgör priset du betalar per kWh. Om du inte själv väljer elavtal kommer elnätsleverantören välja åt dig, vilket ofta inte är särskilt fördelaktigt för dig som konsument. Elnätkostnader och skatter är andra komponenter som också påverkar den totala kostnaden.;2024-03-25;Avtal el
Går det att minska sina elnätkostnader? ;Elnätkostnaderna är reglerade och kan inte påverkas genom val av elavtal. Däremot kan du minska din förbrukning eller investera i energieffektiviseringar för att minska de totala kostnaderna.;2024-03-25;Avtal el
Skulle ni kunna förklara vad som gäller när man har timpris på elen samt hur elbolaget räknar ut hur mycket jag ska betala efter en månads förbrukning?; Vid timpris betalar du olika pris för varje timme baserat på elbörsens priser. Elbolaget summerar kostnaden för all förbrukad el under varje timme i månaden för att räkna ut din månadskostnad.;2024-03-25;Avtal el
Varför är elpriserna så höga? ;Elpriserna kan vara höga av flera anledningar. Elpriserna i Sverige påverkas starkt av den europeiska elmarknaden eftersom vi har elnätsförbindelser med övriga Europa. Svensk elproduktion, som är rik på förnybara källor, bidrar till export och påverkas indirekt av högre fossila bränslepriser efter händelser som Rysslands invasion av Ukraina. Vädret spelar också en roll, då det påverkar elproduktion från vatten- och vindkraft.;2024-03-25;Avtal el
Varför kan det bli dyrare med timpris istället för bara rörligt avtal?;Med timprisavtal kan du anpassa din elanvändning efter sportpriset och flytta elanvändningen från dygnets dyraste timmar till timmar när elen är billigare. Om du däremot inte har koll på elpriset och inte kan anpassa dig därefter kan det bli dyrt om du förbrukar mycket el under de timmar då priset är högt. Med rörligt avtal har det ingen ekonomisk betydelse när på dygnet du använder elen eftersom priset baseras på medelpriset på elbörsen föregående månad.  ;2024-03-25;Avtal el
Vad är skillnaden på rörligt elpris eller timpris?;Rörligt elpris ändras en gång varje månad och baseras på det genomsnittliga timpriset på elbörsen för den gångna månaden, medan timpris varierar från timme till timme baserat på vad elen kostar på elbörsen varje timme.;2024-03-25;Avtal el
Vilka delar består min elfaktura av? ; Elfakturan består vanligtvis av elhandelspriset (din kostnad för själva elen), nätavgiften (kostnaden för transport av elen) samt energiskatter, avgifter och moms. ;2024-03-25;Avtal el
Vad är skillnaden på rörligt och fast elpris? ;Ett fast elpris innebär att du betalar samma pris under hela avtalsperioden, medan ett rörligt elpris ändras en gång varje månad och baseras på det genomsnittliga timpriset på elbörsen för den gångna månaden.;2024-03-25;Avtal el
Vilka elbolag erbjuder enbart förnybar el? ;Många elbolag erbjuder nu 100% förnybar el. Du kan se detta på elbolagets egna hemsida eller på hemsidor där du kan jämföra elavtal, exempelvis Elpriskollen https://elpriskollen.se/. På Elpriskollen visas en grön prick framför de avtal där elen produceras med förnyelsebar el. Du kan också välja att köpa miljömärk el som är märkt med Naturskyddsföreningens Bra miljöval. ;2024-03-25;Avtal el
Är det lönsamt att t.ex. ladda bilen och tvätta när timpriset är lågt även om jag har rörligt elavtal? ;Nej, när du har rörligt elavtal har det ingen betydelse, rent ekonomiskt, när på dygnet du använder elen. ;2024-03-25;Avtal el
Baseras elkostnaden för rörligt avtal på mitt genomsnitt pris eller marknadens? ;För ett rörligt elavtal baseras elpriset på de genomsnittliga timpriserna på elbörsen. Priser sätts för varje månad och är ett genomsnitt av föregående månadens timpriser. ;2024-03-25;Avtal el
Kommer elpriserna fortsatt vara höga? ;Det är svårt att förutspå exakt hur elpriserna kommer att utvecklas eftersom de påverkas av många faktorer såsom vädret, politiska världsläget, efterfrågan, bränslepriser m.m.;2024-03-25;Avtal el
Finns det någon system som ger mig input om hur min förbrukning ser ut över dygn och säsong och som är oberoende av ett elhandelsbolag.; Det finns system och appar som kan ge dig en detaljerad översikt över din elanvändning oberoende av elhandelsbolag, ofta tillgängliga genom ditt elnätsbolag eller tredjepartsleverantörer.;2024-03-25;Avtal el
Hur fungerar andels-el? ;Andels-el innebär att du köper en andel i en produktionsanläggning, till exempel en vindkraftspark eller en solpark. Vanligt att du för varje andel får köpa en bestämd mängd el till ett bestämt pris. ;2024-03-25;Avtal el
Jag funderar på att investera i andelsel, vad bör jag tänka på? ;När du väljer andelsel är det viktigt att vara medveten om att även om priset för själva andelselen kan vara lägre än traditionellt elpris, måste den kompletteras med el från ett vanligt avtal, vilket ibland kan vara dyrt och påverka den totala kostnaden. Investeringen i andelar innebär en finansiell kostnad och risk, liknande aktieköp. Dessutom kan erbjudanden om andelsel sakna långsiktigt bundet elpris, värdesäkring, och lång bindningstid för kompletteringsel. Priset kan även påverkas av elområdesprisskillnader om du bor i ett annat område än där andelselen produceras. ;2024-03-25;Avtal el
Kan jag ansluta mitt hus till fjärrvärmenätet? ;För att ansluta ditt hus till fjärrvärmenätet behöver du först kontakta den lokala fjärrvärmeleverantören för att se om anslutning är möjlig i ditt område. Om så är fallet kommer de att ge dig information om processen och kostnader för anslutning. Under kommunifo kan du se vilket bolag som äger fjärrvärmenätet i din kommun https://www.energiradgivningen.se/information-fran-din-kommun/;2024-03-25;Avtal fjärrvärme
Varför har fjärrvärmepriset höjts? ;Ökade bränsle- och energipriser och den allmänna inflationen leder till ökade kostnader för produktion av fjärrvärme. ;2024-03-25;Avtal fjärrvärme
Vilka levererar fjärrvärme i Stockholm? ;I Stockholms kommun är det Stockholm Exergi som äger fjärrvärmenätet. Du kan hitta vem som äger fjärrvärmenätet i din kommun Energi- & klimatrådgivningens hemsida https://www.energiradgivningen.se/information-fran-din-kommun/;2024-03-25;Avtal fjärrvärme
Hur kan jag sänka min effektkostnad för fjärrvärme? ;Det finns olika prismodeller för att ta betalt för fjärrvärme. Ofta tar man betalt för olika delar, vanligtvis för energi men man kan även ta betalt för effekt. Effektavgiften beror på fastighetens abonnerade effekt dvs fastighetens maximala behov av värme. Effektavgiften baseras hur du använder din energi och för att sänka effektavgiften behöver du minska din fjärrvärme användning. Det kan du göra genom beteendeförändring eller genom att till exempel förbättra fastighetens isolering, installera energieffektiva fönster och dörrar, använda temperaturstyrning m.m. ;2024-03-25;Avtal fjärrvärme
Är det möjligt att använda fjärrvärme som spetsvärme? ;Ja, fjärrvärme kan användas som spetsvärme i kombination med andra värmekällor. Spetsvärme är den extra värme som behövs vid de kallaste dagarna när huvudvärmekällan inte räcker till.;2024-03-25;Avtal fjärrvärme
Hur kan jag förstå de rättsliga aspekterna vid uppsägning av fjärrvärmeavtal?;För att förstå de rättsliga aspekterna vid uppsägning av ett fjärrvärmeavtal bör du noga läsa igenom ditt avtal där villkor för uppsägning bör finnas specificerade. Kontakta leverantören för att diskutera uppsägningen och ta hjälp av en jurist om det behövs.;2024-03-25;Avtal fjärrvärme
Hur funkar fjärrvärme? ;Fjärrvärme är en mycket vanlig uppvärmningssystem i Sverige. Fjärrvärme består av hetvatten och distribueras till hushåll som är kopplade till ett fjärrvärmenät som består av nedgrävda rör. Värmen levereras från en central anläggning, ett värmeverk eller kraftvärmeverk, snarare är individuella värmekällor för varje byggnad. Värmen kan produceras på fler olika sätt inklusive förbränning av biobränsle, spillvärme från industri och avfallsförbränning. Fjärrvärmen är resurssnål och miljövänligt alternativ samtidigt som det frigör el. I din byggnad installeras en undercentral vilket inte är en stor installation. i Undercentralen växlas värmen från fjärrvärmenätet och värmer upp din bostad och varmvatten. ;2024-03-25;Avtal fjärrvärme
Finns det några bidrag eller stöd för att förbättra lägenhetsisolering?;Kontakta din lokala myndighet eller energibolag för information om eventuella energieffektivitetsprogram eller bidrag.;2024-03-25;Bidrag
Finns det några bidrag eller stöd att söka för tilläggsisolering? ;Du kan inte enbart söka bidrag för tilläggsisolering. För att bli beviljad bidrag för klimatskärmen behöver du även ha blivit beviljad bidrag för åtgärder på värmesystemet. ;2024-03-25;Bidrag
Finns det några bidrag eller stöd att söka för att byta fönster till mer energieffektiva? ;Du kan inte enbart söka bidrag för att byte av fönster. För att bli beviljad bidrag för klimatskärmen behöver du ha blivit beviljad bidrag för åtgärder på värmesystemet. ;2024-03-25;Bidrag
Finns det några bidrag eller stöd att söka gällande energieffektivisering av min bostad? ;Sedan 3 juli 2023 är det möjligt att söka bidrag för energieffektivisering av småhus. Bidrag ges till materialkostnader för åtgärder för energieffektivisering i småhus för permanentboende där värmebehovet huvudsakligen försörjs med el eller med gas. Bidraget kan även ges för åtgärder som förbättrar klimatskalet – om huset redan har fått stöd för värmesystemsåtgärder. Läs mer stödet och vilka åtgärder du kan söka bigrag för här https://www.energiradgivningen.se/smahusbidrag/ eller på Boverkets hemsida https://www.boverket.se/sv/bidrag--garantier/bidrag-for-energieffektivisering-i-smahus/;2024-03-25;Bidrag
Finns det några bidrag eller stöd för att installera ny luft-luftvärmepump? ;Det är möjligt att söka bidrag för att installera en styrbar luft-luftvärmepump om du samtidigt installerar antingen 1) en varmvattenberedare med inbyggs värmepump eller 2) en anordning för uppvärmning med biobränsle om anordningen är effektstyrd och medger en kontinuerlig och automatisk bränsletillförsel. Det finns även andra villkor som måste vara uppfyllda för att stödet ska kunna ges ut t.ex. har du någon annan typ av värmepump eller en nyare luft-luftvärmepump kan du inte söka bidraget. Läs mer här https://www.energiradgivningen.se/smahusbidrag/ eller på Boverkets hemsida https://www.boverket.se/sv/bidrag--garantier/bidrag-for-energieffektivisering-i-smahus/.;2024-03-25;Bidrag
Går det att söka bidrag för energieffektiviseringsåtgärder retroaktivt?  ;Ja, det är möjligt att söka bidraget retroaktivt för material som beställts tidigast den 8 november 2022. Läs mer här https://www.energiradgivningen.se/smahusbidrag/ ;2024-03-25;Bidrag
Kan jag söka bidrag för tilläggsisolering av småhus som har begvärme? ;Nej, det går inte att söka bidrag för att förbättra klimatskärmen eftersom huset inte värms upp med el eller gas. ;2024-03-25;Bidrag
Finns det några bidrag eller stöd att söka för att byta ut belysning till LED? ;Nej, det finns inte något sådant stöd att söka i dagsläget. ;2024-03-25;Bidrag
Finns det några bidrag eller stöd att söka för byte av värmesystem? ;Sedan 3 juli 2023 är det möjligt att söka bidrag för energieffektivisering av småhus. Bidrag ges till materialkostnader för åtgärder för energieffektivisering i småhus för permanentboende där värmebehovet huvudsakligen försörjs med el eller med gas. Bidraget kan även ges för åtgärder som förbättrar klimatskalet – om huset redan har fått stöd för värmesystemsåtgärder. Läs mer stödet och vilka åtgärder du kan söka bidrag för här https://www.energiradgivningen.se/smahusbidrag/ eller på Boverkets hemsida https://www.boverket.se/sv/bidrag--garantier/bidrag-for-energieffektivisering-i-smahus/;2024-03-25;Bidrag
Vi har bytt från direktverkande el till bergvärme, finns det bidrag eller stöd att söka? ;Ja, det är möjligt att söka bidrag för installation av en styrbar bergvärmepump om övriga villkor för bidrag är uppfyllda. ;2024-03-25;Bidrag
Finns det några bidrag eller stöd att söka för att byta uppvärmningssystem från direktverkande el till fjärrvärme?;Ja, om du har direktverkande el eller gas finns möjlighet att söka bidrag för att ansluta sig till fjärrvärmenätet. ;2024-03-25;Bidrag
Finns det några bidrag eller stöd att söka för att byta ut radiatorer från icke-oljefyllda till oljefyllda? ;Nej, det finns inte något sådant stöd att söka i dagsläget. ;2024-03-25;Bidrag
Kan vi som bostadsrättsförening söka bidrag? ;Ja det finns bidrag att söka som bostadsrättsförening, bland annat för solceller och laddstationer. Läs mer om vilka bidrag ni kan söka här under Bidrag för bostadsrättsföreningar https://www.energiradgivningen.se/bidrag-och-stod/ ;2024-03-25;Bidrag
Vad gäller kring regeringens elstöd till hushåll?;Bakgrunden till elstödet är att energipriserna i Europa steg till exceptionellt höga nivåer till följd av den ekonomiska återhämtningen efter pandemin och den ryska invasionen av Ukraina. För att hantera konsekvenserna har olika typer av åtgärder på både nationell nivå och inom EU samarbetet vidtagits.  Elstödet gäller för ersättning av elkostnaderna under månaderna november och december 2022 och började betalas ut i slutet av maj 2022. Läs med om stödet hos regeringen https://www.regeringen.se/regeringens-politik/energikrisen/elstod/;2024-03-25;Bidrag
Är jag berättigas skattereduktion för solcellsel som matas ut på det allmänna elnätet? ;Ja, mikroproducenter av förnybar el får utnyttja skattereduktion för den el som matas ut på elnätet. Läs mer här https://www.energiradgivningen.se/bidrag-och-stod/;2024-03-25;Bidrag
Finns det några bidrag eller stöd jag kan söka för solcellsinstallation? ;Ja, vid installation av solceller finns det möjlighet till stöd genom skattereduktion för grönteknik eller nyttja rotavdraget för arbetskostnaderna. Läs mer här https://www.energiradgivningen.se/bidrag-och-stod/;2024-03-25;Bidrag
Finns det några bidrag eller stöd att söka för att installera laddstation? ;Ja, för installation av laddstation kan skattereduktion för grönteknik utnyttjas. Bostadsrättsföreningar och samfälligheter som vill installera laddningspunkter som ska användas av dem själva kan även söka bidraget Ladda bilen hos Naturvårdsverket.  Läs mer här https://www.energiradgivningen.se/bidrag-och-stod/;2024-03-25;Bidrag
Jag skulle vilja ha energirådgivning, hur går jag tillväga? ;Kontakta Energi-& klimatrådgivningen för att boka in energirådgivning. Du kan få personlig rådgivning via mail, telefon eller ett digitalt Teamsmöte. Du hittar våra kontaktuppgifter här https://www.energiradgivningen.se/kontakt/;2024-03-25;Energirådgivning
Erbjuder ni kostnadsfir energirådgivning?;Ja, energi- och klimatrådgivningen erbjuder kostnadsfri och opartisk rådgivning. ;2024-03-25;Energirådgivning
Kan jag få rådgivning gällande energieffektivisering i min villa?;Ja, du kan kontakta Energi-& klimatrådgivningen för digital rådgivning via mail, telefon eller ett digitalt Teamsmöte. Du hittar våra kontaktuppgifter här https://www.energiradgivningen.se/kontakt/;2024-03-25;Energirådgivning
Vår BRF behöver minska våra energikostnader, kan vi boka in ett rådgivningsbesök? ;Ja, för att boka in ett besök eller digital rådgivning kontakta oss via kontaktformuläret på hemsidan, telefon eller mail. Du hittar våra kontaktuppgifter här https://www.energiradgivningen.se/kontakt/;2024-03-25;Energirådgivning
Erbjuder ni energirådgivning till företag?;Ja, Energi- och klimatrådgivningen erbjuder rådgivning till privatpersoner, föreningar och företag.;2024-03-25;Energirådgivning
